#
# There is insufficient memory for the Java Runtime Environment to continue.
# Native memory allocation (mmap) failed to map 315621376 bytes. Error detail: G1 virtual space
# Possible reasons:
#   The system is out of physical RAM or swap space
#   This process is running with CompressedOops enabled, and the Java Heap may be blocking the growth of the native heap
# Possible solutions:
#   Reduce memory load on the system
#   Increase physical memory or swap space
#   Check if swap backing store is full
#   Decrease Java heap size (-Xmx/-Xms)
#   Decrease number of Java threads
#   Decrease Java thread stack sizes (-Xss)
#   Set larger code cache with -XX:ReservedCodeCacheSize=
#   JVM is running with Unscaled Compressed Oops mode in which the Java heap is
#     placed in the first 4GB address space. The Java Heap base address is the
#     maximum limit for the native heap growth. Please use -XX:HeapBaseMinAddress
#     to set the Java Heap base and to place the Java Heap above 4GB virtual address.
# This output file may be truncated or incomplete.
#
#  Out of Memory Error (os_windows.cpp:3815), pid=17508, tid=16836
#
# JRE version: OpenJDK Runtime Environment (21.0.3) (build 21.0.3+-12282718-b509.11)
# Java VM: OpenJDK 64-Bit Server VM (21.0.3+-12282718-b509.11, mixed mode, tiered, compressed oops, compressed class ptrs, g1 gc, windows-amd64)
# No core dump will be written. Minidumps are not enabled by default on client versions of Windows
#

---------------  S U M M A R Y ------------

Command Line: --add-opens=java.base/java.util=ALL-UNNAMED --add-opens=java.base/java.lang=ALL-UNNAMED --add-opens=java.base/java.lang.invoke=ALL-UNNAMED --add-opens=java.prefs/java.util.prefs=ALL-UNNAMED --add-exports=jdk.compiler/com.sun.tools.javac.api=ALL-UNNAMED --add-exports=jdk.compiler/com.sun.tools.javac.util=ALL-UNNAMED --add-opens=java.base/java.nio.charset=ALL-UNNAMED --add-opens=java.base/java.net=ALL-UNNAMED --add-opens=java.base/java.util.concurrent.atomic=ALL-UNNAMED -Xmx2048m -Dfile.encoding=UTF-8 -Duser.country=EC -Duser.language=es -Duser.variant -javaagent:C:\Users\PERSONAL\.gradle\wrapper\dists\gradle-8.9-bin\90cnw93cvbtalezasaz0blq0a\gradle-8.9\lib\agents\gradle-instrumentation-agent-8.9.jar org.gradle.launcher.daemon.bootstrap.GradleDaemon 8.9

Host: AMD Ryzen 7 5700U with Radeon Graphics         , 16 cores, 15G,  Windows 11 , 64 bit Build 22621 (10.0.22621.4391)
Time: Wed Feb  5 02:07:55 2025 Hora est. Pacífico, Sudamérica elapsed time: 16.997944 seconds (0d 0h 0m 16s)

---------------  T H R E A D  ---------------

Current thread (0x0000023ab36ce5a0):  VMThread "VM Thread"          [id=16836, stack(0x000000f889a00000,0x000000f889b00000) (1024K)]

Stack: [0x000000f889a00000,0x000000f889b00000]
Native frames: (J=compiled Java code, j=interpreted, Vv=VM code, C=native code)
V  [jvm.dll+0x6cafb9]
V  [jvm.dll+0x858523]
V  [jvm.dll+0x85aa7e]
V  [jvm.dll+0x85b163]
V  [jvm.dll+0x27d356]
V  [jvm.dll+0x6c7865]
V  [jvm.dll+0x6bbd3a]
V  [jvm.dll+0x35199b]
V  [jvm.dll+0x3595d6]
V  [jvm.dll+0x3aa826]
V  [jvm.dll+0x3aaaf8]
V  [jvm.dll+0x3240bc]
V  [jvm.dll+0x326ac6]
V  [jvm.dll+0x33092e]
V  [jvm.dll+0x3680c5]
V  [jvm.dll+0x860ac8]
V  [jvm.dll+0x861bc4]
V  [jvm.dll+0x862100]
V  [jvm.dll+0x862393]
V  [jvm.dll+0x800d78]
V  [jvm.dll+0x6c98cd]
C  [ucrtbase.dll+0x29333]
C  [KERNEL32.DLL+0x1259d]
C  [ntdll.dll+0x5af38]

VM_Operation (0x000000f8895ff340): G1PauseRemark, mode: safepoint, requested by thread 0x0000023a9b313ca0


---------------  P R O C E S S  ---------------

Threads class SMR info:
_java_thread_list=0x0000023aba45e120, length=216, elements={
0x0000023a99025460, 0x0000023ab377abe0, 0x0000023ab377bb00, 0x0000023ab377f4d0,
0x0000023ab378ded0, 0x0000023ab37906c0, 0x0000023ab3794420, 0x0000023ab3791120,
0x0000023ab3792760, 0x0000023ab39456a0, 0x0000023ab3999530, 0x0000023ab39db2b0,
0x0000023ab81a1560, 0x0000023ab81dd040, 0x0000023ab8eff7f0, 0x0000023ab9bdc530,
0x0000023ab3690fc0, 0x0000023aba16e430, 0x0000023ab9df5c10, 0x0000023ab9df5580,
0x0000023ab9df62a0, 0x0000023ab9c128c0, 0x0000023ab9c0d370, 0x0000023ab9c0edb0,
0x0000023ab9c14990, 0x0000023ab9c12230, 0x0000023ab9c0fad0, 0x0000023ab9c12f50,
0x0000023ab9c135e0, 0x0000023ab9c14300, 0x0000023ab9c0da00, 0x0000023ab9c0e090,
0x0000023ab9c0e720, 0x0000023ab9c0f440, 0x0000023ab9c10160, 0x0000023ab9c107f0,
0x0000023abd172e00, 0x0000023abd179070, 0x0000023abd176910, 0x0000023abd176fa0,
0x0000023abd177630, 0x0000023abd173490, 0x0000023abd177cc0, 0x0000023abd178350,
0x0000023abd1741b0, 0x0000023abd1789e0, 0x0000023abd174840, 0x0000023abd175bf0,
0x0000023abd179d90, 0x0000023abd174ed0, 0x0000023abd175560, 0x0000023abd176280,
0x0000023aba78ec20, 0x0000023aba78ffd0, 0x0000023aba794170, 0x0000023aba78f2b0,
0x0000023aba7920a0, 0x0000023aba794800, 0x0000023aba794e90, 0x0000023aba795520,
0x0000023aba793ae0, 0x0000023aba78e590, 0x0000023aba795bb0, 0x0000023aba791a10,
0x0000023aba792730, 0x0000023aba792dc0, 0x0000023aba78f940, 0x0000023aba790660,
0x0000023aba790cf0, 0x0000023aba791380, 0x0000023aba793450, 0x0000023aba74e820,
0x0000023aba74ad10, 0x0000023aba751610, 0x0000023aba74f540, 0x0000023aba74fbd0,
0x0000023aba74c750, 0x0000023aba750260, 0x0000023aba750f80, 0x0000023aba74e190,
0x0000023aba74db00, 0x0000023aba7508f0, 0x0000023aba752330, 0x0000023aba74cde0,
0x0000023ab8effec0, 0x0000023abfc2d8e0, 0x0000023abfc29dd0, 0x0000023abfc26fe0,
0x0000023abfc2c530, 0x0000023abfc27d00, 0x0000023abfc29740, 0x0000023aba74eeb0,
0x0000023abf224200, 0x0000023abf224890, 0x0000023abf226960, 0x0000023abf2255b0,
0x0000023abf223b70, 0x0000023abf222130, 0x0000023abf2227c0, 0x0000023abf2206f0,
0x0000023abf224f20, 0x0000023abf222e50, 0x0000023abf2234e0, 0x0000023abf225c40,
0x0000023ac0c94c00, 0x0000023ac0c8df00, 0x0000023abf220060, 0x0000023abf227680,
0x0000023abf220d80, 0x0000023abf221410, 0x0000023abf221aa0, 0x0000023ac513a920,
0x0000023ac5140500, 0x0000023ac513d710, 0x0000023ac5140b90, 0x0000023ac513e430,
0x0000023ac513c360, 0x0000023ac5141220, 0x0000023ac513d080, 0x0000023ac51418b0,
0x0000023ac5141f40, 0x0000023ac0c94530, 0x0000023abb206e20, 0x0000023abb2074b0,
0x0000023abb207b40, 0x0000023ac564c9c0, 0x0000023ac564bca0, 0x0000023ac564f7b0,
0x0000023ac564d050, 0x0000023ac5649bd0, 0x0000023ac564a260, 0x0000023ac564fe40,
0x0000023ac5649540, 0x0000023ac564e400, 0x0000023ac564d6e0, 0x0000023ac5648eb0,
0x0000023ac564dd70, 0x0000023ac564ea90, 0x0000023ac56504d0, 0x0000023ac564a8f0,
0x0000023ac564af80, 0x0000023ac564f120, 0x0000023ac564b610, 0x0000023ac564c330,
0x0000023abb208860, 0x0000023abb208ef0, 0x0000023abb20a2a0, 0x0000023abb209580,
0x0000023abb20c370, 0x0000023abb20bce0, 0x0000023abb2053e0, 0x0000023abb209c10,
0x0000023abb205a70, 0x0000023abb20afc0, 0x0000023abb20ca00, 0x0000023abb206100,
0x0000023abb206790, 0x0000023ac513f150, 0x0000023ac513f7e0, 0x0000023ac513dda0,
0x0000023ac513b640, 0x0000023ac513bcd0, 0x0000023ac513c9f0, 0x0000023ac513eac0,
0x0000023ac513fe70, 0x0000023ac0edc770, 0x0000023ac0eda6a0, 0x0000023ac0ed92f0,
0x0000023ac0c8e5d0, 0x0000023ac0edad30, 0x0000023ac0edc0e0, 0x0000023ac0ed85d0,
0x0000023ac0ed5e70, 0x0000023ac0edba50, 0x0000023ac0edd490, 0x0000023ac0ed8c60,
0x0000023ac0ed78b0, 0x0000023ac0edce00, 0x0000023ac0ed9980, 0x0000023ac0ed6500,
0x0000023ac0eddb20, 0x0000023ac0edb3c0, 0x0000023ac0eda010, 0x0000023ac0ed6b90,
0x0000023ac0ede1b0, 0x0000023ac0ede840, 0x0000023ac0edeed0, 0x0000023ac0ed7f40,
0x0000023ac0ee1cc0, 0x0000023ac0ee0910, 0x0000023ac0edfbf0, 0x0000023ac0edf560,
0x0000023ac0ee4420, 0x0000023ac0ee1630, 0x0000023ac0ee4ab0, 0x0000023ac0ee0fa0,
0x0000023ac0ee3d90, 0x0000023ac0ee5140, 0x0000023ac0ee2350, 0x0000023ac0ee29e0,
0x0000023ac0ee3070, 0x0000023ac0ee0280, 0x0000023ac0c13a60, 0x0000023ac0c19cd0,
0x0000023ac0c17570, 0x0000023ac0c19640, 0x0000023ac0c16ee0, 0x0000023ac0c15b30,
0x0000023ac0c17c00, 0x0000023ac0c1a360, 0x0000023ac0c16850, 0x0000023ac0c161c0,
0x0000023ac0c133d0, 0x0000023ac0c1a9f0, 0x0000023ac0c18290, 0x0000023ac0c91580
}

Java Threads: ( => current thread )
  0x0000023a99025460 JavaThread "main"                              [_thread_blocked, id=12532, stack(0x000000f889300000,0x000000f889400000) (1024K)]
  0x0000023ab377abe0 JavaThread "Reference Handler"          daemon [_thread_blocked, id=18372, stack(0x000000f889b00000,0x000000f889c00000) (1024K)]
  0x0000023ab377bb00 JavaThread "Finalizer"                  daemon [_thread_blocked, id=6228, stack(0x000000f889c00000,0x000000f889d00000) (1024K)]
  0x0000023ab377f4d0 JavaThread "Signal Dispatcher"          daemon [_thread_blocked, id=4536, stack(0x000000f889d00000,0x000000f889e00000) (1024K)]
  0x0000023ab378ded0 JavaThread "Attach Listener"            daemon [_thread_blocked, id=6716, stack(0x000000f889e00000,0x000000f889f00000) (1024K)]
  0x0000023ab37906c0 JavaThread "Service Thread"             daemon [_thread_blocked, id=21204, stack(0x000000f889f00000,0x000000f88a000000) (1024K)]
  0x0000023ab3794420 JavaThread "Monitor Deflation Thread"   daemon [_thread_blocked, id=18520, stack(0x000000f88a000000,0x000000f88a100000) (1024K)]
  0x0000023ab3791120 JavaThread "C2 CompilerThread0"         daemon [_thread_blocked, id=7596, stack(0x000000f88a100000,0x000000f88a200000) (1024K)]
  0x0000023ab3792760 JavaThread "C1 CompilerThread0"         daemon [_thread_blocked, id=19984, stack(0x000000f88a200000,0x000000f88a300000) (1024K)]
  0x0000023ab39456a0 JavaThread "Common-Cleaner"             daemon [_thread_blocked, id=18484, stack(0x000000f88a300000,0x000000f88a400000) (1024K)]
  0x0000023ab3999530 JavaThread "C1 CompilerThread1"         daemon [_thread_blocked, id=21096, stack(0x000000f88a400000,0x000000f88a500000) (1024K)]
  0x0000023ab39db2b0 JavaThread "C1 CompilerThread2"         daemon [_thread_blocked, id=11080, stack(0x000000f88a500000,0x000000f88a600000) (1024K)]
  0x0000023ab81a1560 JavaThread "Notification Thread"        daemon [_thread_blocked, id=1940, stack(0x000000f88a600000,0x000000f88a700000) (1024K)]
  0x0000023ab81dd040 JavaThread "C2 CompilerThread1"         daemon [_thread_blocked, id=14496, stack(0x000000f88a700000,0x000000f88a800000) (1024K)]
  0x0000023ab8eff7f0 JavaThread "C1 CompilerThread3"         daemon [_thread_blocked, id=6796, stack(0x000000f88ad00000,0x000000f88ae00000) (1024K)]
  0x0000023ab9bdc530 JavaThread "Daemon health stats"               [_thread_blocked, id=16080, stack(0x000000f88ae00000,0x000000f88af00000) (1024K)]
  0x0000023ab3690fc0 JavaThread "Incoming local TCP Connector on port 58929"        [_thread_in_native, id=16924, stack(0x000000f88af00000,0x000000f88b000000) (1024K)]
  0x0000023aba16e430 JavaThread "Daemon periodic checks"            [_thread_blocked, id=4184, stack(0x000000f88b000000,0x000000f88b100000) (1024K)]
  0x0000023ab9df5c10 JavaThread "Daemon"                            [_thread_blocked, id=1412, stack(0x000000f88b100000,0x000000f88b200000) (1024K)]
  0x0000023ab9df5580 JavaThread "Handler for socket connection from /127.0.0.1:58929 to /127.0.0.1:58930"        [_thread_in_native, id=21196, stack(0x000000f88b200000,0x000000f88b300000) (1024K)]
  0x0000023ab9df62a0 JavaThread "Cancel handler"                    [_thread_blocked, id=19084, stack(0x000000f88b300000,0x000000f88b400000) (1024K)]
  0x0000023ab9c128c0 JavaThread "Daemon worker"                     [_thread_blocked, id=8564, stack(0x000000f88b400000,0x000000f88b500000) (1024K)]
  0x0000023ab9c0d370 JavaThread "Asynchronous log dispatcher for DefaultDaemonConnection: socket connection from /127.0.0.1:58929 to /127.0.0.1:58930"        [_thread_blocked, id=1764, stack(0x000000f88b500000,0x000000f88b600000) (1024K)]
  0x0000023ab9c0edb0 JavaThread "Stdin handler"                     [_thread_blocked, id=20384, stack(0x000000f88b600000,0x000000f88b700000) (1024K)]
  0x0000023ab9c14990 JavaThread "Daemon client event forwarder"        [_thread_blocked, id=15416, stack(0x000000f88b700000,0x000000f88b800000) (1024K)]
  0x0000023ab9c12230 JavaThread "Cache worker for journal cache (C:\Users\PERSONAL\.gradle\caches\journal-1)"        [_thread_blocked, id=828, stack(0x000000f88a800000,0x000000f88a900000) (1024K)]
  0x0000023ab9c0fad0 JavaThread "File lock request listener"        [_thread_in_native, id=20332, stack(0x000000f88c200000,0x000000f88c300000) (1024K)]
  0x0000023ab9c12f50 JavaThread "Cache worker for file hash cache (C:\Users\PERSONAL\.gradle\caches\8.9\fileHashes)"        [_thread_blocked, id=16736, stack(0x000000f88c300000,0x000000f88c400000) (1024K)]
  0x0000023ab9c135e0 JavaThread "Cache worker for file hash cache (C:\Users\PERSONAL\AndroidStudioProjects\appMonitoreo\.gradle\8.9\fileHashes)"        [_thread_blocked, id=17840, stack(0x000000f88c600000,0x000000f88c700000) (1024K)]
  0x0000023ab9c14300 JavaThread "Cache worker for Build Output Cleanup Cache (C:\Users\PERSONAL\AndroidStudioProjects\appMonitoreo\.gradle\buildOutputCleanup)"        [_thread_blocked, id=8628, stack(0x000000f88c700000,0x000000f88c800000) (1024K)]
  0x0000023ab9c0da00 JavaThread "File watcher server"        daemon [_thread_blocked, id=3368, stack(0x000000f88c800000,0x000000f88c900000) (1024K)]
  0x0000023ab9c0e090 JavaThread "File watcher consumer"      daemon [_thread_blocked, id=19512, stack(0x000000f88c900000,0x000000f88ca00000) (1024K)]
  0x0000023ab9c0e720 JavaThread "Cache worker for checksums cache (C:\Users\PERSONAL\AndroidStudioProjects\appMonitoreo\.gradle\8.9\checksums)"        [_thread_blocked, id=17436, stack(0x000000f88ca00000,0x000000f88cb00000) (1024K)]
  0x0000023ab9c0f440 JavaThread "Cache worker for file content cache (C:\Users\PERSONAL\.gradle\caches\8.9\fileContent)"        [_thread_blocked, id=1936, stack(0x000000f88cb00000,0x000000f88cc00000) (1024K)]
  0x0000023ab9c10160 JavaThread "Cache worker for cache directory md-rule (C:\Users\PERSONAL\.gradle\caches\8.9\md-rule)"        [_thread_blocked, id=15160, stack(0x000000f88cc00000,0x000000f88cd00000) (1024K)]
  0x0000023ab9c107f0 JavaThread "Cache worker for cache directory md-supplier (C:\Users\PERSONAL\.gradle\caches\8.9\md-supplier)"        [_thread_blocked, id=15280, stack(0x000000f88cd00000,0x000000f88ce00000) (1024K)]
  0x0000023abd172e00 JavaThread "Unconstrained build operations"        [_thread_blocked, id=20148, stack(0x000000f88ce00000,0x000000f88cf00000) (1024K)]
  0x0000023abd179070 JavaThread "Unconstrained build operations Thread 2"        [_thread_blocked, id=18736, stack(0x000000f88cf00000,0x000000f88d000000) (1024K)]
  0x0000023abd176910 JavaThread "Unconstrained build operations Thread 3"        [_thread_blocked, id=20324, stack(0x000000f88d000000,0x000000f88d100000) (1024K)]
  0x0000023abd176fa0 JavaThread "Unconstrained build operations Thread 4"        [_thread_blocked, id=2860, stack(0x000000f88d100000,0x000000f88d200000) (1024K)]
  0x0000023abd177630 JavaThread "Unconstrained build operations Thread 5"        [_thread_blocked, id=18908, stack(0x000000f88d200000,0x000000f88d300000) (1024K)]
  0x0000023abd173490 JavaThread "Unconstrained build operations Thread 6"        [_thread_blocked, id=9652, stack(0x000000f88d300000,0x000000f88d400000) (1024K)]
  0x0000023abd177cc0 JavaThread "Unconstrained build operations Thread 7"        [_thread_blocked, id=9648, stack(0x000000f88d400000,0x000000f88d500000) (1024K)]
  0x0000023abd178350 JavaThread "Unconstrained build operations Thread 8"        [_thread_blocked, id=14572, stack(0x000000f88d500000,0x000000f88d600000) (1024K)]
  0x0000023abd1741b0 JavaThread "Unconstrained build operations Thread 9"        [_thread_blocked, id=20716, stack(0x000000f88d600000,0x000000f88d700000) (1024K)]
  0x0000023abd1789e0 JavaThread "Unconstrained build operations Thread 10"        [_thread_blocked, id=8012, stack(0x000000f88d700000,0x000000f88d800000) (1024K)]
  0x0000023abd174840 JavaThread "Unconstrained build operations Thread 11"        [_thread_blocked, id=9696, stack(0x000000f88d800000,0x000000f88d900000) (1024K)]
  0x0000023abd175bf0 JavaThread "Unconstrained build operations Thread 12"        [_thread_blocked, id=6988, stack(0x000000f88d900000,0x000000f88da00000) (1024K)]
  0x0000023abd179d90 JavaThread "Unconstrained build operations Thread 13"        [_thread_blocked, id=14128, stack(0x000000f88da00000,0x000000f88db00000) (1024K)]
  0x0000023abd174ed0 JavaThread "Unconstrained build operations Thread 14"        [_thread_blocked, id=20748, stack(0x000000f88db00000,0x000000f88dc00000) (1024K)]
  0x0000023abd175560 JavaThread "Unconstrained build operations Thread 15"        [_thread_blocked, id=17208, stack(0x000000f88dc00000,0x000000f88dd00000) (1024K)]
  0x0000023abd176280 JavaThread "Unconstrained build operations Thread 16"        [_thread_blocked, id=7776, stack(0x000000f88dd00000,0x000000f88de00000) (1024K)]
  0x0000023aba78ec20 JavaThread "Unconstrained build operations Thread 17"        [_thread_blocked, id=8748, stack(0x000000f88de00000,0x000000f88df00000) (1024K)]
  0x0000023aba78ffd0 JavaThread "Unconstrained build operations Thread 18"        [_thread_blocked, id=21180, stack(0x000000f88df00000,0x000000f88e000000) (1024K)]
  0x0000023aba794170 JavaThread "Unconstrained build operations Thread 19"        [_thread_blocked, id=3348, stack(0x000000f88e000000,0x000000f88e100000) (1024K)]
  0x0000023aba78f2b0 JavaThread "Unconstrained build operations Thread 20"        [_thread_blocked, id=7444, stack(0x000000f88e100000,0x000000f88e200000) (1024K)]
  0x0000023aba7920a0 JavaThread "Unconstrained build operations Thread 21"        [_thread_blocked, id=3828, stack(0x000000f88e200000,0x000000f88e300000) (1024K)]
  0x0000023aba794800 JavaThread "Unconstrained build operations Thread 22"        [_thread_blocked, id=18900, stack(0x000000f88e300000,0x000000f88e400000) (1024K)]
  0x0000023aba794e90 JavaThread "Unconstrained build operations Thread 23"        [_thread_blocked, id=18580, stack(0x000000f88e400000,0x000000f88e500000) (1024K)]
  0x0000023aba795520 JavaThread "Unconstrained build operations Thread 24"        [_thread_blocked, id=15440, stack(0x000000f88e500000,0x000000f88e600000) (1024K)]
  0x0000023aba793ae0 JavaThread "Unconstrained build operations Thread 25"        [_thread_blocked, id=21476, stack(0x000000f88e600000,0x000000f88e700000) (1024K)]
  0x0000023aba78e590 JavaThread "Unconstrained build operations Thread 26"        [_thread_blocked, id=16800, stack(0x000000f88e700000,0x000000f88e800000) (1024K)]
  0x0000023aba795bb0 JavaThread "Unconstrained build operations Thread 27"        [_thread_blocked, id=18980, stack(0x000000f88e800000,0x000000f88e900000) (1024K)]
  0x0000023aba791a10 JavaThread "Unconstrained build operations Thread 28"        [_thread_blocked, id=13040, stack(0x000000f88e900000,0x000000f88ea00000) (1024K)]
  0x0000023aba792730 JavaThread "Unconstrained build operations Thread 29"        [_thread_blocked, id=13372, stack(0x000000f88ea00000,0x000000f88eb00000) (1024K)]
  0x0000023aba792dc0 JavaThread "Unconstrained build operations Thread 30"        [_thread_blocked, id=15800, stack(0x000000f88eb00000,0x000000f88ec00000) (1024K)]
  0x0000023aba78f940 JavaThread "Unconstrained build operations Thread 31"        [_thread_blocked, id=19892, stack(0x000000f88ec00000,0x000000f88ed00000) (1024K)]
  0x0000023aba790660 JavaThread "Unconstrained build operations Thread 32"        [_thread_blocked, id=18756, stack(0x000000f88ed00000,0x000000f88ee00000) (1024K)]
  0x0000023aba790cf0 JavaThread "Unconstrained build operations Thread 33"        [_thread_blocked, id=10036, stack(0x000000f88ee00000,0x000000f88ef00000) (1024K)]
  0x0000023aba791380 JavaThread "Unconstrained build operations Thread 34"        [_thread_blocked, id=2244, stack(0x000000f88ef00000,0x000000f88f000000) (1024K)]
  0x0000023aba793450 JavaThread "Unconstrained build operations Thread 35"        [_thread_blocked, id=5164, stack(0x000000f88f000000,0x000000f88f100000) (1024K)]
  0x0000023aba74e820 JavaThread "Unconstrained build operations Thread 36"        [_thread_blocked, id=14048, stack(0x000000f88f100000,0x000000f88f200000) (1024K)]
  0x0000023aba74ad10 JavaThread "Unconstrained build operations Thread 37"        [_thread_blocked, id=19144, stack(0x000000f88f200000,0x000000f88f300000) (1024K)]
  0x0000023aba751610 JavaThread "Unconstrained build operations Thread 38"        [_thread_blocked, id=13188, stack(0x000000f88f300000,0x000000f88f400000) (1024K)]
  0x0000023aba74f540 JavaThread "Unconstrained build operations Thread 39"        [_thread_blocked, id=16112, stack(0x000000f88f400000,0x000000f88f500000) (1024K)]
  0x0000023aba74fbd0 JavaThread "Unconstrained build operations Thread 40"        [_thread_blocked, id=19928, stack(0x000000f88f500000,0x000000f88f600000) (1024K)]
  0x0000023aba74c750 JavaThread "Unconstrained build operations Thread 41"        [_thread_blocked, id=21328, stack(0x000000f88f600000,0x000000f88f700000) (1024K)]
  0x0000023aba750260 JavaThread "Unconstrained build operations Thread 42"        [_thread_blocked, id=17304, stack(0x000000f88f700000,0x000000f88f800000) (1024K)]
  0x0000023aba750f80 JavaThread "Unconstrained build operations Thread 43"        [_thread_blocked, id=8388, stack(0x000000f88f800000,0x000000f88f900000) (1024K)]
  0x0000023aba74e190 JavaThread "Unconstrained build operations Thread 44"        [_thread_blocked, id=20764, stack(0x000000f88f900000,0x000000f88fa00000) (1024K)]
  0x0000023aba74db00 JavaThread "Unconstrained build operations Thread 45"        [_thread_blocked, id=20304, stack(0x000000f88fa00000,0x000000f88fb00000) (1024K)]
  0x0000023aba7508f0 JavaThread "build event listener"              [_thread_blocked, id=7240, stack(0x000000f88fe00000,0x000000f88ff00000) (1024K)]
  0x0000023aba752330 JavaThread "Memory manager"                    [_thread_blocked, id=4752, stack(0x000000f88fc00000,0x000000f88fd00000) (1024K)]
  0x0000023aba74cde0 JavaThread "build event listener"              [_thread_blocked, id=19736, stack(0x000000f88c500000,0x000000f88c600000) (1024K)]
  0x0000023ab8effec0 JavaThread "C2 CompilerThread2"         daemon [_thread_in_native, id=5552, stack(0x000000f88c400000,0x000000f88c500000) (1024K)]
  0x0000023abfc2d8e0 JavaThread "pool-3-thread-1"                   [_thread_blocked, id=19620, stack(0x000000f88fb00000,0x000000f88fc00000) (1024K)]
  0x0000023abfc29dd0 JavaThread "build event listener"              [_thread_blocked, id=14284, stack(0x000000f88fd00000,0x000000f88fe00000) (1024K)]
  0x0000023abfc26fe0 JavaThread "included builds"                   [_thread_blocked, id=15888, stack(0x000000f88ff00000,0x000000f890000000) (1024K)]
  0x0000023abfc2c530 JavaThread "Execution worker"                  [_thread_blocked, id=12408, stack(0x000000f890000000,0x000000f890100000) (1024K)]
  0x0000023abfc27d00 JavaThread "Execution worker Thread 2"         [_thread_blocked, id=4228, stack(0x000000f890100000,0x000000f890200000) (1024K)]
  0x0000023abfc29740 JavaThread "Execution worker Thread 3"         [_thread_blocked, id=14620, stack(0x000000f890200000,0x000000f890300000) (1024K)]
  0x0000023aba74eeb0 JavaThread "Execution worker Thread 4"         [_thread_blocked, id=20836, stack(0x000000f890300000,0x000000f890400000) (1024K)]
  0x0000023abf224200 JavaThread "Execution worker Thread 5"         [_thread_blocked, id=14748, stack(0x000000f890400000,0x000000f890500000) (1024K)]
  0x0000023abf224890 JavaThread "Execution worker Thread 6"         [_thread_blocked, id=16556, stack(0x000000f890500000,0x000000f890600000) (1024K)]
  0x0000023abf226960 JavaThread "Execution worker Thread 7"         [_thread_blocked, id=21260, stack(0x000000f890600000,0x000000f890700000) (1024K)]
  0x0000023abf2255b0 JavaThread "Execution worker Thread 8"         [_thread_blocked, id=4040, stack(0x000000f890700000,0x000000f890800000) (1024K)]
  0x0000023abf223b70 JavaThread "Execution worker Thread 9"         [_thread_blocked, id=18976, stack(0x000000f890800000,0x000000f890900000) (1024K)]
  0x0000023abf222130 JavaThread "Execution worker Thread 10"        [_thread_blocked, id=13820, stack(0x000000f890900000,0x000000f890a00000) (1024K)]
  0x0000023abf2227c0 JavaThread "Execution worker Thread 11"        [_thread_blocked, id=21060, stack(0x000000f890a00000,0x000000f890b00000) (1024K)]
  0x0000023abf2206f0 JavaThread "Execution worker Thread 12"        [_thread_blocked, id=17352, stack(0x000000f890b00000,0x000000f890c00000) (1024K)]
  0x0000023abf224f20 JavaThread "Execution worker Thread 13"        [_thread_blocked, id=10180, stack(0x000000f890c00000,0x000000f890d00000) (1024K)]
  0x0000023abf222e50 JavaThread "Execution worker Thread 14"        [_thread_blocked, id=20944, stack(0x000000f890d00000,0x000000f890e00000) (1024K)]
  0x0000023abf2234e0 JavaThread "Execution worker Thread 15"        [_thread_blocked, id=16100, stack(0x000000f890e00000,0x000000f890f00000) (1024K)]
  0x0000023abf225c40 JavaThread "Cache worker for execution history cache (C:\Users\PERSONAL\AndroidStudioProjects\appMonitoreo\.gradle\8.9\executionHistory)"        [_thread_blocked, id=904, stack(0x000000f890f00000,0x000000f891000000) (1024K)]
  0x0000023ac0c94c00 JavaThread "C2 CompilerThread3"         daemon [_thread_blocked, id=8516, stack(0x000000f891000000,0x000000f891100000) (1024K)]
  0x0000023ac0c8df00 JavaThread "C2 CompilerThread4"         daemon [_thread_blocked, id=20556, stack(0x000000f891100000,0x000000f891200000) (1024K)]
  0x0000023abf220060 JavaThread "Unconstrained build operations Thread 46"        [_thread_blocked, id=7152, stack(0x000000f891200000,0x000000f891300000) (1024K)]
  0x0000023abf227680 JavaThread "Unconstrained build operations Thread 47"        [_thread_blocked, id=20000, stack(0x000000f891300000,0x000000f891400000) (1024K)]
  0x0000023abf220d80 JavaThread "Unconstrained build operations Thread 48"        [_thread_blocked, id=16168, stack(0x000000f891400000,0x000000f891500000) (1024K)]
  0x0000023abf221410 JavaThread "Unconstrained build operations Thread 49"        [_thread_blocked, id=16568, stack(0x000000f891500000,0x000000f891600000) (1024K)]
  0x0000023abf221aa0 JavaThread "Unconstrained build operations Thread 50"        [_thread_blocked, id=14644, stack(0x000000f891600000,0x000000f891700000) (1024K)]
  0x0000023ac513a920 JavaThread "Unconstrained build operations Thread 51"        [_thread_blocked, id=16000, stack(0x000000f891700000,0x000000f891800000) (1024K)]
  0x0000023ac5140500 JavaThread "Unconstrained build operations Thread 52"        [_thread_blocked, id=19896, stack(0x000000f891800000,0x000000f891900000) (1024K)]
  0x0000023ac513d710 JavaThread "Unconstrained build operations Thread 53"        [_thread_blocked, id=19616, stack(0x000000f891900000,0x000000f891a00000) (1024K)]
  0x0000023ac5140b90 JavaThread "Unconstrained build operations Thread 54"        [_thread_blocked, id=16624, stack(0x000000f891a00000,0x000000f891b00000) (1024K)]
  0x0000023ac513e430 JavaThread "Unconstrained build operations Thread 55"        [_thread_blocked, id=19172, stack(0x000000f891b00000,0x000000f891c00000) (1024K)]
  0x0000023ac513c360 JavaThread "Unconstrained build operations Thread 56"        [_thread_blocked, id=18808, stack(0x000000f891c00000,0x000000f891d00000) (1024K)]
  0x0000023ac5141220 JavaThread "Unconstrained build operations Thread 57"        [_thread_blocked, id=19532, stack(0x000000f891d00000,0x000000f891e00000) (1024K)]
  0x0000023ac513d080 JavaThread "Unconstrained build operations Thread 58"        [_thread_blocked, id=7852, stack(0x000000f891e00000,0x000000f891f00000) (1024K)]
  0x0000023ac51418b0 JavaThread "Unconstrained build operations Thread 59"        [_thread_blocked, id=18804, stack(0x000000f891f00000,0x000000f892000000) (1024K)]
  0x0000023ac5141f40 JavaThread "Unconstrained build operations Thread 60"        [_thread_blocked, id=10456, stack(0x000000f892000000,0x000000f892100000) (1024K)]
  0x0000023ac0c94530 JavaThread "C2 CompilerThread5"         daemon [_thread_in_native, id=8064, stack(0x000000f892100000,0x000000f892200000) (1024K)]
  0x0000023abb206e20 JavaThread "Unconstrained build operations Thread 61"        [_thread_blocked, id=20648, stack(0x000000f892200000,0x000000f892300000) (1024K)]
  0x0000023abb2074b0 JavaThread "Unconstrained build operations Thread 62"        [_thread_blocked, id=4216, stack(0x000000f892300000,0x000000f892400000) (1024K)]
  0x0000023abb207b40 JavaThread "Unconstrained build operations Thread 63"        [_thread_blocked, id=15856, stack(0x000000f892400000,0x000000f892500000) (1024K)]
  0x0000023ac564c9c0 JavaThread "Unconstrained build operations Thread 64"        [_thread_blocked, id=19628, stack(0x000000f892500000,0x000000f892600000) (1024K)]
  0x0000023ac564bca0 JavaThread "Unconstrained build operations Thread 65"        [_thread_blocked, id=7424, stack(0x000000f892600000,0x000000f892700000) (1024K)]
  0x0000023ac564f7b0 JavaThread "Unconstrained build operations Thread 66"        [_thread_blocked, id=13212, stack(0x000000f892700000,0x000000f892800000) (1024K)]
  0x0000023ac564d050 JavaThread "Unconstrained build operations Thread 67"        [_thread_blocked, id=9244, stack(0x000000f892800000,0x000000f892900000) (1024K)]
  0x0000023ac5649bd0 JavaThread "Unconstrained build operations Thread 68"        [_thread_blocked, id=14924, stack(0x000000f892900000,0x000000f892a00000) (1024K)]
  0x0000023ac564a260 JavaThread "Unconstrained build operations Thread 69"        [_thread_blocked, id=19480, stack(0x000000f892a00000,0x000000f892b00000) (1024K)]
  0x0000023ac564fe40 JavaThread "Unconstrained build operations Thread 70"        [_thread_blocked, id=16164, stack(0x000000f892b00000,0x000000f892c00000) (1024K)]
  0x0000023ac5649540 JavaThread "Unconstrained build operations Thread 71"        [_thread_blocked, id=18076, stack(0x000000f892c00000,0x000000f892d00000) (1024K)]
  0x0000023ac564e400 JavaThread "Unconstrained build operations Thread 72"        [_thread_blocked, id=20364, stack(0x000000f892d00000,0x000000f892e00000) (1024K)]
  0x0000023ac564d6e0 JavaThread "Unconstrained build operations Thread 73"        [_thread_blocked, id=12644, stack(0x000000f892e00000,0x000000f892f00000) (1024K)]
  0x0000023ac5648eb0 JavaThread "Unconstrained build operations Thread 74"        [_thread_blocked, id=11964, stack(0x000000f892f00000,0x000000f893000000) (1024K)]
  0x0000023ac564dd70 JavaThread "Unconstrained build operations Thread 75"        [_thread_blocked, id=15112, stack(0x000000f893000000,0x000000f893100000) (1024K)]
  0x0000023ac564ea90 JavaThread "Unconstrained build operations Thread 76"        [_thread_blocked, id=16724, stack(0x000000f893100000,0x000000f893200000) (1024K)]
  0x0000023ac56504d0 JavaThread "Unconstrained build operations Thread 77"        [_thread_blocked, id=16600, stack(0x000000f893200000,0x000000f893300000) (1024K)]
  0x0000023ac564a8f0 JavaThread "Unconstrained build operations Thread 78"        [_thread_blocked, id=2100, stack(0x000000f893300000,0x000000f893400000) (1024K)]
  0x0000023ac564af80 JavaThread "Unconstrained build operations Thread 79"        [_thread_blocked, id=11700, stack(0x000000f893400000,0x000000f893500000) (1024K)]
  0x0000023ac564f120 JavaThread "Unconstrained build operations Thread 80"        [_thread_blocked, id=9912, stack(0x000000f893500000,0x000000f893600000) (1024K)]
  0x0000023ac564b610 JavaThread "Unconstrained build operations Thread 81"        [_thread_blocked, id=15040, stack(0x000000f893600000,0x000000f893700000) (1024K)]
  0x0000023ac564c330 JavaThread "Unconstrained build operations Thread 82"        [_thread_blocked, id=16292, stack(0x000000f893700000,0x000000f893800000) (1024K)]
  0x0000023abb208860 JavaThread "Unconstrained build operations Thread 83"        [_thread_blocked, id=2848, stack(0x000000f893800000,0x000000f893900000) (1024K)]
  0x0000023abb208ef0 JavaThread "Unconstrained build operations Thread 84"        [_thread_blocked, id=2768, stack(0x000000f893900000,0x000000f893a00000) (1024K)]
  0x0000023abb20a2a0 JavaThread "Unconstrained build operations Thread 85"        [_thread_blocked, id=20192, stack(0x000000f893a00000,0x000000f893b00000) (1024K)]
  0x0000023abb209580 JavaThread "Unconstrained build operations Thread 86"        [_thread_blocked, id=7236, stack(0x000000f893b00000,0x000000f893c00000) (1024K)]
  0x0000023abb20c370 JavaThread "Unconstrained build operations Thread 87"        [_thread_blocked, id=18972, stack(0x000000f893c00000,0x000000f893d00000) (1024K)]
  0x0000023abb20bce0 JavaThread "Unconstrained build operations Thread 88"        [_thread_blocked, id=17964, stack(0x000000f893d00000,0x000000f893e00000) (1024K)]
  0x0000023abb2053e0 JavaThread "Unconstrained build operations Thread 89"        [_thread_blocked, id=5788, stack(0x000000f893e00000,0x000000f893f00000) (1024K)]
  0x0000023abb209c10 JavaThread "Unconstrained build operations Thread 90"        [_thread_blocked, id=15544, stack(0x000000f893f00000,0x000000f894000000) (1024K)]
  0x0000023abb205a70 JavaThread "Unconstrained build operations Thread 91"        [_thread_blocked, id=1984, stack(0x000000f894000000,0x000000f894100000) (1024K)]
  0x0000023abb20afc0 JavaThread "Unconstrained build operations Thread 92"        [_thread_blocked, id=15264, stack(0x000000f894100000,0x000000f894200000) (1024K)]
  0x0000023abb20ca00 JavaThread "Unconstrained build operations Thread 93"        [_thread_blocked, id=6536, stack(0x000000f894200000,0x000000f894300000) (1024K)]
  0x0000023abb206100 JavaThread "Unconstrained build operations Thread 94"        [_thread_blocked, id=16956, stack(0x000000f894300000,0x000000f894400000) (1024K)]
  0x0000023abb206790 JavaThread "Unconstrained build operations Thread 95"        [_thread_blocked, id=352, stack(0x000000f894400000,0x000000f894500000) (1024K)]
  0x0000023ac513f150 JavaThread "Unconstrained build operations Thread 96"        [_thread_blocked, id=19980, stack(0x000000f894500000,0x000000f894600000) (1024K)]
  0x0000023ac513f7e0 JavaThread "Unconstrained build operations Thread 97"        [_thread_blocked, id=2040, stack(0x000000f894600000,0x000000f894700000) (1024K)]
  0x0000023ac513dda0 JavaThread "Unconstrained build operations Thread 98"        [_thread_blocked, id=15816, stack(0x000000f894700000,0x000000f894800000) (1024K)]
  0x0000023ac513b640 JavaThread "Unconstrained build operations Thread 99"        [_thread_blocked, id=21376, stack(0x000000f894800000,0x000000f894900000) (1024K)]
  0x0000023ac513bcd0 JavaThread "Unconstrained build operations Thread 100"        [_thread_blocked, id=16864, stack(0x000000f894900000,0x000000f894a00000) (1024K)]
  0x0000023ac513c9f0 JavaThread "Unconstrained build operations Thread 101"        [_thread_blocked, id=14064, stack(0x000000f894a00000,0x000000f894b00000) (1024K)]
  0x0000023ac513eac0 JavaThread "Unconstrained build operations Thread 102"        [_thread_blocked, id=15964, stack(0x000000f894b00000,0x000000f894c00000) (1024K)]
  0x0000023ac513fe70 JavaThread "Unconstrained build operations Thread 103"        [_thread_blocked, id=9056, stack(0x000000f894c00000,0x000000f894d00000) (1024K)]
  0x0000023ac0edc770 JavaThread "Unconstrained build operations Thread 104"        [_thread_blocked, id=16688, stack(0x000000f894d00000,0x000000f894e00000) (1024K)]
  0x0000023ac0eda6a0 JavaThread "Unconstrained build operations Thread 105"        [_thread_blocked, id=2784, stack(0x000000f894e00000,0x000000f894f00000) (1024K)]
  0x0000023ac0ed92f0 JavaThread "Unconstrained build operations Thread 106"        [_thread_blocked, id=15628, stack(0x000000f894f00000,0x000000f895000000) (1024K)]
  0x0000023ac0c8e5d0 JavaThread "C2 CompilerThread6"         daemon [_thread_blocked, id=14916, stack(0x000000f895000000,0x000000f895100000) (1024K)]
  0x0000023ac0edad30 JavaThread "WorkerExecutor Queue"              [_thread_blocked, id=19768, stack(0x000000f895100000,0x000000f895200000) (1024K)]
  0x0000023ac0edc0e0 JavaThread "Unconstrained build operations Thread 107"        [_thread_blocked, id=9544, stack(0x000000f895200000,0x000000f895300000) (1024K)]
  0x0000023ac0ed85d0 JavaThread "Unconstrained build operations Thread 108"        [_thread_blocked, id=15192, stack(0x000000f895300000,0x000000f895400000) (1024K)]
  0x0000023ac0ed5e70 JavaThread "Unconstrained build operations Thread 109"        [_thread_blocked, id=12508, stack(0x000000f895400000,0x000000f895500000) (1024K)]
  0x0000023ac0edba50 JavaThread "Unconstrained build operations Thread 110"        [_thread_blocked, id=9548, stack(0x000000f895500000,0x000000f895600000) (1024K)]
  0x0000023ac0edd490 JavaThread "Unconstrained build operations Thread 111"        [_thread_blocked, id=13984, stack(0x000000f895600000,0x000000f895700000) (1024K)]
  0x0000023ac0ed8c60 JavaThread "Unconstrained build operations Thread 112"        [_thread_blocked, id=1692, stack(0x000000f895700000,0x000000f895800000) (1024K)]
  0x0000023ac0ed78b0 JavaThread "Unconstrained build operations Thread 113"        [_thread_blocked, id=1816, stack(0x000000f895800000,0x000000f895900000) (1024K)]
  0x0000023ac0edce00 JavaThread "Unconstrained build operations Thread 114"        [_thread_blocked, id=5972, stack(0x000000f895900000,0x000000f895a00000) (1024K)]
  0x0000023ac0ed9980 JavaThread "Unconstrained build operations Thread 115"        [_thread_blocked, id=20916, stack(0x000000f895a00000,0x000000f895b00000) (1024K)]
  0x0000023ac0ed6500 JavaThread "Unconstrained build operations Thread 116"        [_thread_blocked, id=8304, stack(0x000000f895b00000,0x000000f895c00000) (1024K)]
  0x0000023ac0eddb20 JavaThread "Unconstrained build operations Thread 117"        [_thread_blocked, id=21244, stack(0x000000f895c00000,0x000000f895d00000) (1024K)]
  0x0000023ac0edb3c0 JavaThread "Unconstrained build operations Thread 118"        [_thread_blocked, id=14100, stack(0x000000f895d00000,0x000000f895e00000) (1024K)]
  0x0000023ac0eda010 JavaThread "Unconstrained build operations Thread 119"        [_thread_blocked, id=12664, stack(0x000000f895e00000,0x000000f895f00000) (1024K)]
  0x0000023ac0ed6b90 JavaThread "Unconstrained build operations Thread 120"        [_thread_blocked, id=20372, stack(0x000000f895f00000,0x000000f896000000) (1024K)]
  0x0000023ac0ede1b0 JavaThread "Unconstrained build operations Thread 121"        [_thread_blocked, id=808, stack(0x000000f896000000,0x000000f896100000) (1024K)]
  0x0000023ac0ede840 JavaThread "Unconstrained build operations Thread 122"        [_thread_blocked, id=3928, stack(0x000000f896100000,0x000000f896200000) (1024K)]
  0x0000023ac0edeed0 JavaThread "Unconstrained build operations Thread 123"        [_thread_blocked, id=16416, stack(0x000000f896200000,0x000000f896300000) (1024K)]
  0x0000023ac0ed7f40 JavaThread "Unconstrained build operations Thread 124"        [_thread_blocked, id=19808, stack(0x000000f896300000,0x000000f896400000) (1024K)]
  0x0000023ac0ee1cc0 JavaThread "Unconstrained build operations Thread 125"        [_thread_blocked, id=14068, stack(0x000000f896400000,0x000000f896500000) (1024K)]
  0x0000023ac0ee0910 JavaThread "Unconstrained build operations Thread 126"        [_thread_blocked, id=12684, stack(0x000000f896500000,0x000000f896600000) (1024K)]
  0x0000023ac0edfbf0 JavaThread "Unconstrained build operations Thread 127"        [_thread_blocked, id=21464, stack(0x000000f896600000,0x000000f896700000) (1024K)]
  0x0000023ac0edf560 JavaThread "Unconstrained build operations Thread 128"        [_thread_blocked, id=18416, stack(0x000000f896700000,0x000000f896800000) (1024K)]
  0x0000023ac0ee4420 JavaThread "Unconstrained build operations Thread 129"        [_thread_blocked, id=2220, stack(0x000000f896800000,0x000000f896900000) (1024K)]
  0x0000023ac0ee1630 JavaThread "Unconstrained build operations Thread 130"        [_thread_blocked, id=3508, stack(0x000000f896900000,0x000000f896a00000) (1024K)]
  0x0000023ac0ee4ab0 JavaThread "Unconstrained build operations Thread 131"        [_thread_blocked, id=13072, stack(0x000000f896a00000,0x000000f896b00000) (1024K)]
  0x0000023ac0ee0fa0 JavaThread "Unconstrained build operations Thread 132"        [_thread_blocked, id=18188, stack(0x000000f896b00000,0x000000f896c00000) (1024K)]
  0x0000023ac0ee3d90 JavaThread "Unconstrained build operations Thread 133"        [_thread_blocked, id=8948, stack(0x000000f896c00000,0x000000f896d00000) (1024K)]
  0x0000023ac0ee5140 JavaThread "Unconstrained build operations Thread 134"        [_thread_blocked, id=18444, stack(0x000000f896d00000,0x000000f896e00000) (1024K)]
  0x0000023ac0ee2350 JavaThread "Unconstrained build operations Thread 135"        [_thread_blocked, id=15700, stack(0x000000f896e00000,0x000000f896f00000) (1024K)]
  0x0000023ac0ee29e0 JavaThread "Unconstrained build operations Thread 136"        [_thread_blocked, id=17856, stack(0x000000f896f00000,0x000000f897000000) (1024K)]
  0x0000023ac0ee3070 JavaThread "Unconstrained build operations Thread 137"        [_thread_blocked, id=13960, stack(0x000000f897000000,0x000000f897100000) (1024K)]
  0x0000023ac0ee0280 JavaThread "Unconstrained build operations Thread 138"        [_thread_blocked, id=384, stack(0x000000f897100000,0x000000f897200000) (1024K)]
  0x0000023ac0c13a60 JavaThread "Unconstrained build operations Thread 139"        [_thread_blocked, id=18600, stack(0x000000f897200000,0x000000f897300000) (1024K)]
  0x0000023ac0c19cd0 JavaThread "Unconstrained build operations Thread 140"        [_thread_blocked, id=4020, stack(0x000000f897300000,0x000000f897400000) (1024K)]
  0x0000023ac0c17570 JavaThread "Unconstrained build operations Thread 141"        [_thread_blocked, id=17008, stack(0x000000f897400000,0x000000f897500000) (1024K)]
  0x0000023ac0c19640 JavaThread "Unconstrained build operations Thread 142"        [_thread_blocked, id=19836, stack(0x000000f897500000,0x000000f897600000) (1024K)]
  0x0000023ac0c16ee0 JavaThread "Unconstrained build operations Thread 143"        [_thread_blocked, id=3136, stack(0x000000f897600000,0x000000f897700000) (1024K)]
  0x0000023ac0c15b30 JavaThread "Unconstrained build operations Thread 144"        [_thread_blocked, id=15956, stack(0x000000f897700000,0x000000f897800000) (1024K)]
  0x0000023ac0c17c00 JavaThread "Unconstrained build operations Thread 145"        [_thread_blocked, id=20388, stack(0x000000f897800000,0x000000f897900000) (1024K)]
  0x0000023ac0c1a360 JavaThread "Unconstrained build operations Thread 146"        [_thread_blocked, id=5748, stack(0x000000f897900000,0x000000f897a00000) (1024K)]
  0x0000023ac0c16850 JavaThread "Unconstrained build operations Thread 147"        [_thread_blocked, id=15676, stack(0x000000f897a00000,0x000000f897b00000) (1024K)]
  0x0000023ac0c161c0 JavaThread "Unconstrained build operations Thread 148"        [_thread_blocked, id=9124, stack(0x000000f897b00000,0x000000f897c00000) (1024K)]
  0x0000023ac0c133d0 JavaThread "Unconstrained build operations Thread 149"        [_thread_blocked, id=20236, stack(0x000000f897c00000,0x000000f897d00000) (1024K)]
  0x0000023ac0c1a9f0 JavaThread "Unconstrained build operations Thread 150"        [_thread_blocked, id=4732, stack(0x000000f897d00000,0x000000f897e00000) (1024K)]
  0x0000023ac0c18290 JavaThread "Unconstrained build operations Thread 151"        [_thread_blocked, id=21008, stack(0x000000f897e00000,0x000000f897f00000) (1024K)]
  0x0000023ac0c91580 JavaThread "C2 CompilerThread7"         daemon [_thread_blocked, id=8312, stack(0x000000f897f00000,0x000000f898000000) (1024K)]
Total: 216

Other Threads:
=>0x0000023ab36ce5a0 VMThread "VM Thread"                           [id=16836, stack(0x000000f889a00000,0x000000f889b00000) (1024K)]
  0x0000023ab35153c0 WatcherThread "VM Periodic Task Thread"        [id=18080, stack(0x000000f889900000,0x000000f889a00000) (1024K)]
  0x0000023a9b302cc0 WorkerThread "GC Thread#0"                     [id=18120, stack(0x000000f889400000,0x000000f889500000) (1024K)]
  0x0000023ab8488c10 WorkerThread "GC Thread#1"                     [id=8988, stack(0x000000f88a900000,0x000000f88aa00000) (1024K)]
  0x0000023ab84f73a0 WorkerThread "GC Thread#2"                     [id=16628, stack(0x000000f88aa00000,0x000000f88ab00000) (1024K)]
  0x0000023ab84f7740 WorkerThread "GC Thread#3"                     [id=13356, stack(0x000000f88ab00000,0x000000f88ac00000) (1024K)]
  0x0000023ab84ec980 WorkerThread "GC Thread#4"                     [id=6136, stack(0x000000f88ac00000,0x000000f88ad00000) (1024K)]
  0x0000023ab9e9bb80 WorkerThread "GC Thread#5"                     [id=20936, stack(0x000000f88b800000,0x000000f88b900000) (1024K)]
  0x0000023ab9eb9ed0 WorkerThread "GC Thread#6"                     [id=12752, stack(0x000000f88b900000,0x000000f88ba00000) (1024K)]
  0x0000023ab9c77fd0 WorkerThread "GC Thread#7"                     [id=2960, stack(0x000000f88ba00000,0x000000f88bb00000) (1024K)]
  0x0000023ab9c81bb0 WorkerThread "GC Thread#8"                     [id=19424, stack(0x000000f88bb00000,0x000000f88bc00000) (1024K)]
  0x0000023ab9c81f50 WorkerThread "GC Thread#9"                     [id=17428, stack(0x000000f88bc00000,0x000000f88bd00000) (1024K)]
  0x0000023ab9c8efb0 WorkerThread "GC Thread#10"                    [id=21016, stack(0x000000f88bd00000,0x000000f88be00000) (1024K)]
  0x0000023ab9c8ec10 WorkerThread "GC Thread#11"                    [id=17340, stack(0x000000f88be00000,0x000000f88bf00000) (1024K)]
  0x0000023ab9c8f350 WorkerThread "GC Thread#12"                    [id=12476, stack(0x000000f88bf00000,0x000000f88c000000) (1024K)]
  0x0000023a9b313ca0 ConcurrentGCThread "G1 Main Marker"            [id=6208, stack(0x000000f889500000,0x000000f889600000) (1024K)]
  0x0000023a9b3147a0 WorkerThread "G1 Conc#0"                       [id=1932, stack(0x000000f889600000,0x000000f889700000) (1024K)]
  0x0000023ab9c8f6f0 WorkerThread "G1 Conc#1"                       [id=2680, stack(0x000000f88c000000,0x000000f88c100000) (1024K)]
  0x0000023ab9c8e870 WorkerThread "G1 Conc#2"                       [id=15128, stack(0x000000f88c100000,0x000000f88c200000) (1024K)]
  0x0000023ab33e9680 ConcurrentGCThread "G1 Refine#0"               [id=19816, stack(0x000000f889700000,0x000000f889800000) (1024K)]
  0x0000023ab33ea100 ConcurrentGCThread "G1 Service"                [id=18112, stack(0x000000f889800000,0x000000f889900000) (1024K)]
Total: 21

Threads with active compile tasks:
C2 CompilerThread0    17017 18465       4       com.android.tools.r8.internal.f40::a (496 bytes)
C1 CompilerThread0    17018 18431       3       com.android.tools.r8.internal.CQ::b (4448 bytes)
C2 CompilerThread2    17018 16933       4       java.lang.invoke.MethodHandleImpl::makePairwiseConvertByEditor (617 bytes)
C2 CompilerThread3    17018 18558       4       com.android.tools.r8.internal.K5::a (60 bytes)
C2 CompilerThread4    17018 18462       4       com.android.tools.r8.internal.K5::a (220 bytes)
C2 CompilerThread5    17018 16581 %     4       com.android.tools.r8.internal.vd::a @ 83 (6886 bytes)
C2 CompilerThread6    17018 18287 %     4       com.android.tools.r8.internal.vd::a @ 197 (4363 bytes)
C2 CompilerThread7    17018 18563       4       com.android.tools.r8.internal.Oa::a (175 bytes)
Total: 8

VM state: at safepoint (normal execution)

VM Mutex/Monitor currently owned by a thread:  ([mutex/lock_event])
[0x00007ff957e520c8] Threads_lock - owner thread: 0x0000023ab36ce5a0
[0x00007ff957e521c8] Heap_lock - owner thread: 0x0000023a9b313ca0

Heap address: 0x0000000080000000, size: 2048 MB, Compressed Oops mode: 32-bit

CDS archive(s) not mapped
Compressed class space mapped at: 0x0000000100000000-0x0000000140000000, reserved size: 1073741824
Narrow klass base: 0x0000000000000000, Narrow klass shift: 3, Narrow klass range: 0x140000000

GC Precious Log:
 CardTable entry size: 512
 Card Set container configuration: InlinePtr #cards 5 size 8 Array Of Cards #cards 12 size 40 Howl #buckets 4 coarsen threshold 1843 Howl Bitmap #cards 512 size 80 coarsen threshold 460 Card regions per heap region 1 cards per card region 2048
 CPUs: 16 total, 16 available
 Memory: 15720M
 Large Page Support: Disabled
 NUMA Support: Disabled
 Compressed Oops: Enabled (32-bit)
 Heap Region Size: 1M
 Heap Min Capacity: 8M
 Heap Initial Capacity: 246M
 Heap Max Capacity: 2G
 Pre-touch: Disabled
 Parallel Workers: 13
 Concurrent Workers: 3
 Concurrent Refinement Workers: 13
 Periodic GC: Disabled

Heap:
 garbage-first heap   total 854016K, used 696320K [0x0000000080000000, 0x0000000100000000)
  region size 1024K, 184 young (188416K), 33 survivors (33792K)
 Metaspace       used 135631K, committed 137920K, reserved 1179648K
  class space    used 18991K, committed 20160K, reserved 1048576K

Heap Regions: E=young(eden), S=young(survivor), O=old, HS=humongous(starts), HC=humongous(continues), CS=collection set, F=free, TAMS=top-at-mark-start, PB=parsable bottom
|   0|0x0000000080000000, 0x0000000080100000, 0x0000000080100000|100%|HS|  |TAMS 0x0000000080100000| PB 0x0000000080000000| Complete 
|   1|0x0000000080100000, 0x0000000080200000, 0x0000000080200000|100%|HC|  |TAMS 0x0000000080200000| PB 0x0000000080100000| Complete 
|   2|0x0000000080200000, 0x0000000080300000, 0x0000000080300000|100%|HC|  |TAMS 0x0000000080300000| PB 0x0000000080200000| Complete 
|   3|0x0000000080300000, 0x0000000080400000, 0x0000000080400000|100%|HC|  |TAMS 0x0000000080400000| PB 0x0000000080300000| Complete 
|   4|0x0000000080400000, 0x0000000080500000, 0x0000000080500000|100%| O|  |TAMS 0x0000000080500000| PB 0x0000000080500000| Untracked 
|   5|0x0000000080500000, 0x0000000080600000, 0x0000000080600000|100%| O|  |TAMS 0x0000000080600000| PB 0x0000000080600000| Untracked 
|   6|0x0000000080600000, 0x0000000080700000, 0x0000000080700000|100%| O|  |TAMS 0x0000000080700000| PB 0x0000000080700000| Updating 
|   7|0x0000000080700000, 0x0000000080800000, 0x0000000080800000|100%| O|  |TAMS 0x0000000080800000| PB 0x0000000080800000| Updating 
|   8|0x0000000080800000, 0x0000000080900000, 0x0000000080900000|100%| O|  |TAMS 0x0000000080900000| PB 0x0000000080900000| Untracked 
|   9|0x0000000080900000, 0x0000000080a00000, 0x0000000080a00000|100%| O|  |TAMS 0x0000000080a00000| PB 0x0000000080a00000| Untracked 
|  10|0x0000000080a00000, 0x0000000080b00000, 0x0000000080b00000|100%| O|  |TAMS 0x0000000080b00000| PB 0x0000000080b00000| Untracked 
|  11|0x0000000080b00000, 0x0000000080c00000, 0x0000000080c00000|100%|HS|  |TAMS 0x0000000080c00000| PB 0x0000000080b00000| Complete 
|  12|0x0000000080c00000, 0x0000000080d00000, 0x0000000080d00000|100%| O|  |TAMS 0x0000000080d00000| PB 0x0000000080d00000| Untracked 
|  13|0x0000000080d00000, 0x0000000080e00000, 0x0000000080e00000|100%| O|  |TAMS 0x0000000080e00000| PB 0x0000000080e00000| Untracked 
|  14|0x0000000080e00000, 0x0000000080f00000, 0x0000000080f00000|100%| O|  |TAMS 0x0000000080f00000| PB 0x0000000080f00000| Untracked 
|  15|0x0000000080f00000, 0x0000000081000000, 0x0000000081000000|100%| O|  |TAMS 0x0000000081000000| PB 0x0000000081000000| Untracked 
|  16|0x0000000081000000, 0x0000000081100000, 0x0000000081100000|100%| O|  |TAMS 0x0000000081100000| PB 0x0000000081100000| Untracked 
|  17|0x0000000081100000, 0x0000000081200000, 0x0000000081200000|100%| O|  |TAMS 0x0000000081200000| PB 0x0000000081200000| Untracked 
|  18|0x0000000081200000, 0x0000000081300000, 0x0000000081300000|100%| O|  |TAMS 0x0000000081300000| PB 0x0000000081300000| Untracked 
|  19|0x0000000081300000, 0x0000000081400000, 0x0000000081400000|100%| O|  |TAMS 0x0000000081400000| PB 0x0000000081400000| Untracked 
|  20|0x0000000081400000, 0x0000000081500000, 0x0000000081500000|100%| O|  |TAMS 0x0000000081500000| PB 0x0000000081500000| Updating 
|  21|0x0000000081500000, 0x0000000081600000, 0x0000000081600000|100%| O|  |TAMS 0x0000000081600000| PB 0x0000000081600000| Updating 
|  22|0x0000000081600000, 0x0000000081700000, 0x0000000081700000|100%| O|  |TAMS 0x0000000081700000| PB 0x0000000081700000| Updating 
|  23|0x0000000081700000, 0x0000000081800000, 0x0000000081800000|100%| O|  |TAMS 0x0000000081800000| PB 0x0000000081800000| Untracked 
|  24|0x0000000081800000, 0x0000000081900000, 0x0000000081900000|100%| O|  |TAMS 0x0000000081900000| PB 0x0000000081900000| Untracked 
|  25|0x0000000081900000, 0x0000000081a00000, 0x0000000081a00000|100%| O|  |TAMS 0x0000000081a00000| PB 0x0000000081a00000| Untracked 
|  26|0x0000000081a00000, 0x0000000081b00000, 0x0000000081b00000|100%| O|  |TAMS 0x0000000081b00000| PB 0x0000000081b00000| Updating 
|  27|0x0000000081b00000, 0x0000000081c00000, 0x0000000081c00000|100%| O|  |TAMS 0x0000000081c00000| PB 0x0000000081c00000| Updating 
|  28|0x0000000081c00000, 0x0000000081d00000, 0x0000000081d00000|100%| O|  |TAMS 0x0000000081d00000| PB 0x0000000081d00000| Untracked 
|  29|0x0000000081d00000, 0x0000000081e00000, 0x0000000081e00000|100%| O|  |TAMS 0x0000000081e00000| PB 0x0000000081e00000| Untracked 
|  30|0x0000000081e00000, 0x0000000081f00000, 0x0000000081f00000|100%| O|  |TAMS 0x0000000081f00000| PB 0x0000000081f00000| Untracked 
|  31|0x0000000081f00000, 0x0000000082000000, 0x0000000082000000|100%| O|  |TAMS 0x0000000082000000| PB 0x0000000082000000| Untracked 
|  32|0x0000000082000000, 0x0000000082100000, 0x0000000082100000|100%| O|  |TAMS 0x0000000082100000| PB 0x0000000082100000| Updating 
|  33|0x0000000082100000, 0x0000000082200000, 0x0000000082200000|100%| O|  |TAMS 0x0000000082200000| PB 0x0000000082200000| Untracked 
|  34|0x0000000082200000, 0x0000000082300000, 0x0000000082300000|100%| O|  |TAMS 0x0000000082300000| PB 0x0000000082300000| Untracked 
|  35|0x0000000082300000, 0x0000000082400000, 0x0000000082400000|100%| O|  |TAMS 0x0000000082400000| PB 0x0000000082400000| Updating 
|  36|0x0000000082400000, 0x0000000082500000, 0x0000000082500000|100%| O|  |TAMS 0x0000000082500000| PB 0x0000000082500000| Untracked 
|  37|0x0000000082500000, 0x0000000082600000, 0x0000000082600000|100%|HS|  |TAMS 0x0000000082600000| PB 0x0000000082500000| Complete 
|  38|0x0000000082600000, 0x0000000082700000, 0x0000000082700000|100%|HS|  |TAMS 0x0000000082700000| PB 0x0000000082600000| Complete 
|  39|0x0000000082700000, 0x0000000082800000, 0x0000000082800000|100%|HS|  |TAMS 0x0000000082800000| PB 0x0000000082700000| Complete 
|  40|0x0000000082800000, 0x0000000082900000, 0x0000000082900000|100%|HC|  |TAMS 0x0000000082900000| PB 0x0000000082800000| Complete 
|  41|0x0000000082900000, 0x0000000082a00000, 0x0000000082a00000|100%|HS|  |TAMS 0x0000000082a00000| PB 0x0000000082900000| Complete 
|  42|0x0000000082a00000, 0x0000000082b00000, 0x0000000082b00000|100%|HC|  |TAMS 0x0000000082b00000| PB 0x0000000082a00000| Complete 
|  43|0x0000000082b00000, 0x0000000082c00000, 0x0000000082c00000|100%|HS|  |TAMS 0x0000000082c00000| PB 0x0000000082b00000| Complete 
|  44|0x0000000082c00000, 0x0000000082d00000, 0x0000000082d00000|100%|HS|  |TAMS 0x0000000082d00000| PB 0x0000000082c00000| Complete 
|  45|0x0000000082d00000, 0x0000000082e00000, 0x0000000082e00000|100%| O|  |TAMS 0x0000000082e00000| PB 0x0000000082e00000| Untracked 
|  46|0x0000000082e00000, 0x0000000082f00000, 0x0000000082f00000|100%| O|  |TAMS 0x0000000082f00000| PB 0x0000000082f00000| Untracked 
|  47|0x0000000082f00000, 0x0000000083000000, 0x0000000083000000|100%| O|  |TAMS 0x0000000083000000| PB 0x0000000083000000| Untracked 
|  48|0x0000000083000000, 0x0000000083100000, 0x0000000083100000|100%| O|  |TAMS 0x0000000083100000| PB 0x0000000083100000| Untracked 
|  49|0x0000000083100000, 0x0000000083200000, 0x0000000083200000|100%| O|  |TAMS 0x0000000083200000| PB 0x0000000083200000| Untracked 
|  50|0x0000000083200000, 0x0000000083300000, 0x0000000083300000|100%| O|  |TAMS 0x0000000083300000| PB 0x0000000083300000| Untracked 
|  51|0x0000000083300000, 0x0000000083400000, 0x0000000083400000|100%| O|  |TAMS 0x0000000083400000| PB 0x0000000083400000| Untracked 
|  52|0x0000000083400000, 0x0000000083500000, 0x0000000083500000|100%| O|  |TAMS 0x0000000083500000| PB 0x0000000083500000| Untracked 
|  53|0x0000000083500000, 0x0000000083600000, 0x0000000083600000|100%| O|  |TAMS 0x0000000083600000| PB 0x0000000083600000| Updating 
|  54|0x0000000083600000, 0x0000000083700000, 0x0000000083700000|100%|HS|  |TAMS 0x0000000083700000| PB 0x0000000083600000| Complete 
|  55|0x0000000083700000, 0x0000000083800000, 0x0000000083800000|100%|HS|  |TAMS 0x0000000083800000| PB 0x0000000083700000| Complete 
|  56|0x0000000083800000, 0x0000000083900000, 0x0000000083900000|100%| O|  |TAMS 0x0000000083900000| PB 0x0000000083900000| Untracked 
|  57|0x0000000083900000, 0x0000000083a00000, 0x0000000083a00000|100%| O|  |TAMS 0x0000000083a00000| PB 0x0000000083a00000| Untracked 
|  58|0x0000000083a00000, 0x0000000083b00000, 0x0000000083b00000|100%| O|  |TAMS 0x0000000083b00000| PB 0x0000000083b00000| Untracked 
|  59|0x0000000083b00000, 0x0000000083c00000, 0x0000000083c00000|100%| O|  |TAMS 0x0000000083c00000| PB 0x0000000083c00000| Untracked 
|  60|0x0000000083c00000, 0x0000000083d00000, 0x0000000083d00000|100%| O|  |TAMS 0x0000000083d00000| PB 0x0000000083d00000| Untracked 
|  61|0x0000000083d00000, 0x0000000083e00000, 0x0000000083e00000|100%|HS|  |TAMS 0x0000000083e00000| PB 0x0000000083d00000| Complete 
|  62|0x0000000083e00000, 0x0000000083f00000, 0x0000000083f00000|100%|HC|  |TAMS 0x0000000083f00000| PB 0x0000000083e00000| Complete 
|  63|0x0000000083f00000, 0x0000000084000000, 0x0000000084000000|100%|HC|  |TAMS 0x0000000084000000| PB 0x0000000083f00000| Complete 
|  64|0x0000000084000000, 0x0000000084100000, 0x0000000084100000|100%| O|  |TAMS 0x0000000084100000| PB 0x0000000084100000| Untracked 
|  65|0x0000000084100000, 0x0000000084200000, 0x0000000084200000|100%| O|  |TAMS 0x0000000084200000| PB 0x0000000084200000| Untracked 
|  66|0x0000000084200000, 0x0000000084300000, 0x0000000084300000|100%|HS|  |TAMS 0x0000000084300000| PB 0x0000000084200000| Complete 
|  67|0x0000000084300000, 0x0000000084400000, 0x0000000084400000|100%| O|  |TAMS 0x0000000084400000| PB 0x0000000084400000| Updating 
|  68|0x0000000084400000, 0x0000000084500000, 0x0000000084500000|100%| O|  |TAMS 0x0000000084500000| PB 0x0000000084500000| Updating 
|  69|0x0000000084500000, 0x0000000084600000, 0x0000000084600000|100%| O|  |TAMS 0x0000000084600000| PB 0x0000000084600000| Untracked 
|  70|0x0000000084600000, 0x0000000084700000, 0x0000000084700000|100%| O|  |TAMS 0x0000000084700000| PB 0x0000000084700000| Updating 
|  71|0x0000000084700000, 0x0000000084800000, 0x0000000084800000|100%| O|  |TAMS 0x0000000084800000| PB 0x0000000084800000| Untracked 
|  72|0x0000000084800000, 0x0000000084900000, 0x0000000084900000|100%| O|  |TAMS 0x0000000084900000| PB 0x0000000084900000| Untracked 
|  73|0x0000000084900000, 0x0000000084a00000, 0x0000000084a00000|100%| O|  |TAMS 0x0000000084a00000| PB 0x0000000084a00000| Untracked 
|  74|0x0000000084a00000, 0x0000000084b00000, 0x0000000084b00000|100%|HS|  |TAMS 0x0000000084b00000| PB 0x0000000084a00000| Complete 
|  75|0x0000000084b00000, 0x0000000084c00000, 0x0000000084c00000|100%|HC|  |TAMS 0x0000000084c00000| PB 0x0000000084b00000| Complete 
|  76|0x0000000084c00000, 0x0000000084d00000, 0x0000000084d00000|100%|HC|  |TAMS 0x0000000084d00000| PB 0x0000000084c00000| Complete 
|  77|0x0000000084d00000, 0x0000000084e00000, 0x0000000084e00000|100%| O|  |TAMS 0x0000000084e00000| PB 0x0000000084e00000| Untracked 
|  78|0x0000000084e00000, 0x0000000084f00000, 0x0000000084f00000|100%| O|  |TAMS 0x0000000084f00000| PB 0x0000000084f00000| Updating 
|  79|0x0000000084f00000, 0x0000000085000000, 0x0000000085000000|100%| O|  |TAMS 0x0000000085000000| PB 0x0000000085000000| Untracked 
|  80|0x0000000085000000, 0x0000000085100000, 0x0000000085100000|100%| O|  |TAMS 0x0000000085100000| PB 0x0000000085100000| Untracked 
|  81|0x0000000085100000, 0x0000000085200000, 0x0000000085200000|100%| O|  |TAMS 0x0000000085200000| PB 0x0000000085200000| Updating 
|  82|0x0000000085200000, 0x0000000085300000, 0x0000000085300000|100%| O|  |TAMS 0x0000000085300000| PB 0x0000000085300000| Untracked 
|  83|0x0000000085300000, 0x0000000085400000, 0x0000000085400000|100%| O|  |TAMS 0x0000000085400000| PB 0x0000000085400000| Untracked 
|  84|0x0000000085400000, 0x0000000085500000, 0x0000000085500000|100%| O|  |TAMS 0x0000000085500000| PB 0x0000000085500000| Untracked 
|  85|0x0000000085500000, 0x0000000085600000, 0x0000000085600000|100%| O|  |TAMS 0x0000000085600000| PB 0x0000000085600000| Updating 
|  86|0x0000000085600000, 0x0000000085700000, 0x0000000085700000|100%| O|  |TAMS 0x0000000085700000| PB 0x0000000085700000| Untracked 
|  87|0x0000000085700000, 0x0000000085800000, 0x0000000085800000|100%| O|  |TAMS 0x0000000085800000| PB 0x0000000085800000| Untracked 
|  88|0x0000000085800000, 0x0000000085900000, 0x0000000085900000|100%| O|  |TAMS 0x0000000085900000| PB 0x0000000085900000| Untracked 
|  89|0x0000000085900000, 0x0000000085a00000, 0x0000000085a00000|100%| O|  |TAMS 0x0000000085a00000| PB 0x0000000085a00000| Untracked 
|  90|0x0000000085a00000, 0x0000000085b00000, 0x0000000085b00000|100%| O|  |TAMS 0x0000000085b00000| PB 0x0000000085b00000| Untracked 
|  91|0x0000000085b00000, 0x0000000085c00000, 0x0000000085c00000|100%| O|  |TAMS 0x0000000085c00000| PB 0x0000000085c00000| Untracked 
|  92|0x0000000085c00000, 0x0000000085d00000, 0x0000000085d00000|100%| O|  |TAMS 0x0000000085d00000| PB 0x0000000085d00000| Updating 
|  93|0x0000000085d00000, 0x0000000085e00000, 0x0000000085e00000|100%| O|  |TAMS 0x0000000085e00000| PB 0x0000000085e00000| Untracked 
|  94|0x0000000085e00000, 0x0000000085f00000, 0x0000000085f00000|100%| O|  |TAMS 0x0000000085f00000| PB 0x0000000085f00000| Untracked 
|  95|0x0000000085f00000, 0x0000000086000000, 0x0000000086000000|100%| O|  |TAMS 0x0000000086000000| PB 0x0000000086000000| Untracked 
|  96|0x0000000086000000, 0x0000000086100000, 0x0000000086100000|100%| O|  |TAMS 0x0000000086100000| PB 0x0000000086100000| Untracked 
|  97|0x0000000086100000, 0x0000000086200000, 0x0000000086200000|100%| O|  |TAMS 0x0000000086200000| PB 0x0000000086200000| Untracked 
|  98|0x0000000086200000, 0x0000000086300000, 0x0000000086300000|100%| O|  |TAMS 0x0000000086300000| PB 0x0000000086300000| Untracked 
|  99|0x0000000086300000, 0x0000000086400000, 0x0000000086400000|100%| O|  |TAMS 0x0000000086400000| PB 0x0000000086400000| Untracked 
| 100|0x0000000086400000, 0x0000000086500000, 0x0000000086500000|100%| O|  |TAMS 0x0000000086500000| PB 0x0000000086500000| Untracked 
| 101|0x0000000086500000, 0x0000000086600000, 0x0000000086600000|100%| O|  |TAMS 0x0000000086600000| PB 0x0000000086600000| Untracked 
| 102|0x0000000086600000, 0x0000000086700000, 0x0000000086700000|100%| O|  |TAMS 0x0000000086700000| PB 0x0000000086700000| Untracked 
| 103|0x0000000086700000, 0x0000000086800000, 0x0000000086800000|100%| O|  |TAMS 0x0000000086800000| PB 0x0000000086800000| Untracked 
| 104|0x0000000086800000, 0x0000000086900000, 0x0000000086900000|100%| O|  |TAMS 0x0000000086900000| PB 0x0000000086900000| Untracked 
| 105|0x0000000086900000, 0x0000000086a00000, 0x0000000086a00000|100%| O|  |TAMS 0x0000000086a00000| PB 0x0000000086a00000| Untracked 
| 106|0x0000000086a00000, 0x0000000086b00000, 0x0000000086b00000|100%| O|  |TAMS 0x0000000086b00000| PB 0x0000000086b00000| Untracked 
| 107|0x0000000086b00000, 0x0000000086c00000, 0x0000000086c00000|100%| O|  |TAMS 0x0000000086c00000| PB 0x0000000086c00000| Updating 
| 108|0x0000000086c00000, 0x0000000086d00000, 0x0000000086d00000|100%| O|  |TAMS 0x0000000086d00000| PB 0x0000000086d00000| Updating 
| 109|0x0000000086d00000, 0x0000000086e00000, 0x0000000086e00000|100%| O|  |TAMS 0x0000000086e00000| PB 0x0000000086e00000| Untracked 
| 110|0x0000000086e00000, 0x0000000086f00000, 0x0000000086f00000|100%| O|  |TAMS 0x0000000086f00000| PB 0x0000000086f00000| Updating 
| 111|0x0000000086f00000, 0x0000000087000000, 0x0000000087000000|100%| O|  |TAMS 0x0000000087000000| PB 0x0000000087000000| Updating 
| 112|0x0000000087000000, 0x0000000087100000, 0x0000000087100000|100%| O|  |TAMS 0x0000000087100000| PB 0x0000000087100000| Untracked 
| 113|0x0000000087100000, 0x0000000087200000, 0x0000000087200000|100%| O|  |TAMS 0x0000000087200000| PB 0x0000000087200000| Untracked 
| 114|0x0000000087200000, 0x0000000087300000, 0x0000000087300000|100%| O|  |TAMS 0x0000000087300000| PB 0x0000000087300000| Untracked 
| 115|0x0000000087300000, 0x0000000087400000, 0x0000000087400000|100%| O|  |TAMS 0x0000000087400000| PB 0x0000000087400000| Untracked 
| 116|0x0000000087400000, 0x0000000087500000, 0x0000000087500000|100%|HS|  |TAMS 0x0000000087500000| PB 0x0000000087400000| Complete 
| 117|0x0000000087500000, 0x0000000087600000, 0x0000000087600000|100%|HC|  |TAMS 0x0000000087600000| PB 0x0000000087500000| Complete 
| 118|0x0000000087600000, 0x0000000087700000, 0x0000000087700000|100%| O|  |TAMS 0x0000000087700000| PB 0x0000000087700000| Updating 
| 119|0x0000000087700000, 0x0000000087800000, 0x0000000087800000|100%| O|  |TAMS 0x0000000087800000| PB 0x0000000087800000| Untracked 
| 120|0x0000000087800000, 0x0000000087900000, 0x0000000087900000|100%| O|  |TAMS 0x0000000087900000| PB 0x0000000087900000| Untracked 
| 121|0x0000000087900000, 0x0000000087a00000, 0x0000000087a00000|100%| O|  |TAMS 0x0000000087a00000| PB 0x0000000087a00000| Untracked 
| 122|0x0000000087a00000, 0x0000000087b00000, 0x0000000087b00000|100%| O|  |TAMS 0x0000000087b00000| PB 0x0000000087b00000| Untracked 
| 123|0x0000000087b00000, 0x0000000087c00000, 0x0000000087c00000|100%| O|  |TAMS 0x0000000087c00000| PB 0x0000000087c00000| Untracked 
| 124|0x0000000087c00000, 0x0000000087d00000, 0x0000000087d00000|100%| O|  |TAMS 0x0000000087d00000| PB 0x0000000087d00000| Untracked 
| 125|0x0000000087d00000, 0x0000000087e00000, 0x0000000087e00000|100%| O|  |TAMS 0x0000000087e00000| PB 0x0000000087e00000| Untracked 
| 126|0x0000000087e00000, 0x0000000087f00000, 0x0000000087f00000|100%| O|  |TAMS 0x0000000087f00000| PB 0x0000000087f00000| Untracked 
| 127|0x0000000087f00000, 0x0000000088000000, 0x0000000088000000|100%| O|  |TAMS 0x0000000088000000| PB 0x0000000088000000| Updating 
| 128|0x0000000088000000, 0x0000000088100000, 0x0000000088100000|100%| O|  |TAMS 0x0000000088100000| PB 0x0000000088100000| Updating 
| 129|0x0000000088100000, 0x0000000088200000, 0x0000000088200000|100%| O|  |TAMS 0x0000000088200000| PB 0x0000000088200000| Untracked 
| 130|0x0000000088200000, 0x0000000088300000, 0x0000000088300000|100%| O|  |TAMS 0x0000000088300000| PB 0x0000000088300000| Untracked 
| 131|0x0000000088300000, 0x0000000088400000, 0x0000000088400000|100%| O|  |TAMS 0x0000000088400000| PB 0x0000000088400000| Untracked 
| 132|0x0000000088400000, 0x0000000088500000, 0x0000000088500000|100%| O|  |TAMS 0x0000000088500000| PB 0x0000000088500000| Untracked 
| 133|0x0000000088500000, 0x0000000088600000, 0x0000000088600000|100%| O|  |TAMS 0x0000000088600000| PB 0x0000000088600000| Updating 
| 134|0x0000000088600000, 0x0000000088700000, 0x0000000088700000|100%| O|  |TAMS 0x0000000088700000| PB 0x0000000088700000| Updating 
| 135|0x0000000088700000, 0x0000000088800000, 0x0000000088800000|100%| O|  |TAMS 0x0000000088800000| PB 0x0000000088800000| Untracked 
| 136|0x0000000088800000, 0x0000000088900000, 0x0000000088900000|100%| O|  |TAMS 0x0000000088900000| PB 0x0000000088900000| Updating 
| 137|0x0000000088900000, 0x0000000088a00000, 0x0000000088a00000|100%| O|  |TAMS 0x0000000088a00000| PB 0x0000000088a00000| Updating 
| 138|0x0000000088a00000, 0x0000000088b00000, 0x0000000088b00000|100%| O|  |TAMS 0x0000000088b00000| PB 0x0000000088b00000| Untracked 
| 139|0x0000000088b00000, 0x0000000088c00000, 0x0000000088c00000|100%| O|  |TAMS 0x0000000088c00000| PB 0x0000000088c00000| Updating 
| 140|0x0000000088c00000, 0x0000000088d00000, 0x0000000088d00000|100%| O|  |TAMS 0x0000000088d00000| PB 0x0000000088d00000| Updating 
| 141|0x0000000088d00000, 0x0000000088e00000, 0x0000000088e00000|100%| O|  |TAMS 0x0000000088e00000| PB 0x0000000088e00000| Untracked 
| 142|0x0000000088e00000, 0x0000000088f00000, 0x0000000088f00000|100%| O|  |TAMS 0x0000000088f00000| PB 0x0000000088f00000| Untracked 
| 143|0x0000000088f00000, 0x0000000089000000, 0x0000000089000000|100%| O|  |TAMS 0x0000000089000000| PB 0x0000000089000000| Updating 
| 144|0x0000000089000000, 0x0000000089100000, 0x0000000089100000|100%| O|  |TAMS 0x0000000089100000| PB 0x0000000089100000| Untracked 
| 145|0x0000000089100000, 0x0000000089200000, 0x0000000089200000|100%| O|  |TAMS 0x0000000089200000| PB 0x0000000089200000| Untracked 
| 146|0x0000000089200000, 0x0000000089300000, 0x0000000089300000|100%| O|  |TAMS 0x0000000089300000| PB 0x0000000089300000| Untracked 
| 147|0x0000000089300000, 0x0000000089400000, 0x0000000089400000|100%| O|  |TAMS 0x0000000089400000| PB 0x0000000089400000| Untracked 
| 148|0x0000000089400000, 0x0000000089500000, 0x0000000089500000|100%| O|  |TAMS 0x0000000089500000| PB 0x0000000089500000| Untracked 
| 149|0x0000000089500000, 0x0000000089600000, 0x0000000089600000|100%| O|  |TAMS 0x0000000089600000| PB 0x0000000089600000| Untracked 
| 150|0x0000000089600000, 0x0000000089700000, 0x0000000089700000|100%| O|  |TAMS 0x0000000089700000| PB 0x0000000089700000| Untracked 
| 151|0x0000000089700000, 0x0000000089800000, 0x0000000089800000|100%| O|  |TAMS 0x0000000089800000| PB 0x0000000089800000| Untracked 
| 152|0x0000000089800000, 0x0000000089900000, 0x0000000089900000|100%| O|  |TAMS 0x0000000089900000| PB 0x0000000089900000| Untracked 
| 153|0x0000000089900000, 0x0000000089a00000, 0x0000000089a00000|100%| O|  |TAMS 0x0000000089a00000| PB 0x0000000089a00000| Untracked 
| 154|0x0000000089a00000, 0x0000000089b00000, 0x0000000089b00000|100%| O|  |TAMS 0x0000000089b00000| PB 0x0000000089b00000| Untracked 
| 155|0x0000000089b00000, 0x0000000089c00000, 0x0000000089c00000|100%| O|  |TAMS 0x0000000089c00000| PB 0x0000000089c00000| Untracked 
| 156|0x0000000089c00000, 0x0000000089d00000, 0x0000000089d00000|100%| O|  |TAMS 0x0000000089d00000| PB 0x0000000089d00000| Updating 
| 157|0x0000000089d00000, 0x0000000089e00000, 0x0000000089e00000|100%| O|  |TAMS 0x0000000089e00000| PB 0x0000000089e00000| Updating 
| 158|0x0000000089e00000, 0x0000000089f00000, 0x0000000089f00000|100%| O|  |TAMS 0x0000000089f00000| PB 0x0000000089f00000| Untracked 
| 159|0x0000000089f00000, 0x000000008a000000, 0x000000008a000000|100%| O|  |TAMS 0x000000008a000000| PB 0x000000008a000000| Updating 
| 160|0x000000008a000000, 0x000000008a100000, 0x000000008a100000|100%| O|  |TAMS 0x000000008a100000| PB 0x000000008a100000| Untracked 
| 161|0x000000008a100000, 0x000000008a200000, 0x000000008a200000|100%| O|  |TAMS 0x000000008a200000| PB 0x000000008a200000| Untracked 
| 162|0x000000008a200000, 0x000000008a300000, 0x000000008a300000|100%| O|  |TAMS 0x000000008a300000| PB 0x000000008a300000| Untracked 
| 163|0x000000008a300000, 0x000000008a400000, 0x000000008a400000|100%| O|  |TAMS 0x000000008a400000| PB 0x000000008a400000| Untracked 
| 164|0x000000008a400000, 0x000000008a500000, 0x000000008a500000|100%| O|  |TAMS 0x000000008a500000| PB 0x000000008a500000| Untracked 
| 165|0x000000008a500000, 0x000000008a600000, 0x000000008a600000|100%| O|  |TAMS 0x000000008a600000| PB 0x000000008a600000| Untracked 
| 166|0x000000008a600000, 0x000000008a700000, 0x000000008a700000|100%| O|  |TAMS 0x000000008a700000| PB 0x000000008a700000| Untracked 
| 167|0x000000008a700000, 0x000000008a800000, 0x000000008a800000|100%| O|  |TAMS 0x000000008a800000| PB 0x000000008a800000| Untracked 
| 168|0x000000008a800000, 0x000000008a900000, 0x000000008a900000|100%| O|  |TAMS 0x000000008a900000| PB 0x000000008a900000| Untracked 
| 169|0x000000008a900000, 0x000000008aa00000, 0x000000008aa00000|100%| O|  |TAMS 0x000000008aa00000| PB 0x000000008aa00000| Untracked 
| 170|0x000000008aa00000, 0x000000008ab00000, 0x000000008ab00000|100%| O|  |TAMS 0x000000008ab00000| PB 0x000000008ab00000| Untracked 
| 171|0x000000008ab00000, 0x000000008ac00000, 0x000000008ac00000|100%| O|  |TAMS 0x000000008ac00000| PB 0x000000008ac00000| Untracked 
| 172|0x000000008ac00000, 0x000000008ad00000, 0x000000008ad00000|100%| O|  |TAMS 0x000000008ad00000| PB 0x000000008ad00000| Untracked 
| 173|0x000000008ad00000, 0x000000008ae00000, 0x000000008ae00000|100%| O|  |TAMS 0x000000008ae00000| PB 0x000000008ae00000| Untracked 
| 174|0x000000008ae00000, 0x000000008af00000, 0x000000008af00000|100%| O|  |TAMS 0x000000008af00000| PB 0x000000008af00000| Untracked 
| 175|0x000000008af00000, 0x000000008b000000, 0x000000008b000000|100%| O|  |TAMS 0x000000008b000000| PB 0x000000008b000000| Untracked 
| 176|0x000000008b000000, 0x000000008b100000, 0x000000008b100000|100%| O|  |TAMS 0x000000008b100000| PB 0x000000008b100000| Untracked 
| 177|0x000000008b100000, 0x000000008b200000, 0x000000008b200000|100%| O|  |TAMS 0x000000008b200000| PB 0x000000008b200000| Untracked 
| 178|0x000000008b200000, 0x000000008b300000, 0x000000008b300000|100%| O|  |TAMS 0x000000008b300000| PB 0x000000008b300000| Untracked 
| 179|0x000000008b300000, 0x000000008b400000, 0x000000008b400000|100%| O|  |TAMS 0x000000008b400000| PB 0x000000008b400000| Untracked 
| 180|0x000000008b400000, 0x000000008b500000, 0x000000008b500000|100%| O|  |TAMS 0x000000008b500000| PB 0x000000008b500000| Untracked 
| 181|0x000000008b500000, 0x000000008b600000, 0x000000008b600000|100%| O|  |TAMS 0x000000008b600000| PB 0x000000008b600000| Untracked 
| 182|0x000000008b600000, 0x000000008b700000, 0x000000008b700000|100%| O|  |TAMS 0x000000008b700000| PB 0x000000008b700000| Untracked 
| 183|0x000000008b700000, 0x000000008b800000, 0x000000008b800000|100%| O|  |TAMS 0x000000008b800000| PB 0x000000008b800000| Untracked 
| 184|0x000000008b800000, 0x000000008b900000, 0x000000008b900000|100%| O|  |TAMS 0x000000008b900000| PB 0x000000008b900000| Untracked 
| 185|0x000000008b900000, 0x000000008ba00000, 0x000000008ba00000|100%| O|  |TAMS 0x000000008ba00000| PB 0x000000008ba00000| Untracked 
| 186|0x000000008ba00000, 0x000000008bb00000, 0x000000008bb00000|100%| O|  |TAMS 0x000000008bb00000| PB 0x000000008bb00000| Untracked 
| 187|0x000000008bb00000, 0x000000008bc00000, 0x000000008bc00000|100%| O|  |TAMS 0x000000008bc00000| PB 0x000000008bc00000| Untracked 
| 188|0x000000008bc00000, 0x000000008bd00000, 0x000000008bd00000|100%| O|  |TAMS 0x000000008bd00000| PB 0x000000008bd00000| Untracked 
| 189|0x000000008bd00000, 0x000000008be00000, 0x000000008be00000|100%| O|  |TAMS 0x000000008be00000| PB 0x000000008be00000| Untracked 
| 190|0x000000008be00000, 0x000000008bf00000, 0x000000008bf00000|100%| O|  |TAMS 0x000000008bf00000| PB 0x000000008bf00000| Untracked 
| 191|0x000000008bf00000, 0x000000008c000000, 0x000000008c000000|100%| O|  |TAMS 0x000000008c000000| PB 0x000000008c000000| Untracked 
| 192|0x000000008c000000, 0x000000008c100000, 0x000000008c100000|100%| O|  |TAMS 0x000000008c100000| PB 0x000000008c100000| Untracked 
| 193|0x000000008c100000, 0x000000008c200000, 0x000000008c200000|100%| O|  |TAMS 0x000000008c200000| PB 0x000000008c200000| Untracked 
| 194|0x000000008c200000, 0x000000008c300000, 0x000000008c300000|100%| O|  |TAMS 0x000000008c300000| PB 0x000000008c300000| Untracked 
| 195|0x000000008c300000, 0x000000008c400000, 0x000000008c400000|100%| O|  |TAMS 0x000000008c400000| PB 0x000000008c400000| Untracked 
| 196|0x000000008c400000, 0x000000008c500000, 0x000000008c500000|100%| O|  |TAMS 0x000000008c500000| PB 0x000000008c500000| Untracked 
| 197|0x000000008c500000, 0x000000008c600000, 0x000000008c600000|100%| O|  |TAMS 0x000000008c600000| PB 0x000000008c600000| Untracked 
| 198|0x000000008c600000, 0x000000008c700000, 0x000000008c700000|100%| O|  |TAMS 0x000000008c700000| PB 0x000000008c700000| Untracked 
| 199|0x000000008c700000, 0x000000008c800000, 0x000000008c800000|100%| O|  |TAMS 0x000000008c800000| PB 0x000000008c800000| Untracked 
| 200|0x000000008c800000, 0x000000008c900000, 0x000000008c900000|100%| O|  |TAMS 0x000000008c900000| PB 0x000000008c900000| Untracked 
| 201|0x000000008c900000, 0x000000008ca00000, 0x000000008ca00000|100%| O|  |TAMS 0x000000008ca00000| PB 0x000000008ca00000| Untracked 
| 202|0x000000008ca00000, 0x000000008cb00000, 0x000000008cb00000|100%| O|  |TAMS 0x000000008cb00000| PB 0x000000008cb00000| Untracked 
| 203|0x000000008cb00000, 0x000000008cc00000, 0x000000008cc00000|100%| O|  |TAMS 0x000000008cc00000| PB 0x000000008cc00000| Untracked 
| 204|0x000000008cc00000, 0x000000008cd00000, 0x000000008cd00000|100%| O|  |TAMS 0x000000008cd00000| PB 0x000000008cd00000| Untracked 
| 205|0x000000008cd00000, 0x000000008ce00000, 0x000000008ce00000|100%| O|  |TAMS 0x000000008ce00000| PB 0x000000008ce00000| Untracked 
| 206|0x000000008ce00000, 0x000000008cf00000, 0x000000008cf00000|100%| O|  |TAMS 0x000000008cf00000| PB 0x000000008cf00000| Updating 
| 207|0x000000008cf00000, 0x000000008d000000, 0x000000008d000000|100%| O|  |TAMS 0x000000008d000000| PB 0x000000008d000000| Updating 
| 208|0x000000008d000000, 0x000000008d100000, 0x000000008d100000|100%| O|  |TAMS 0x000000008d100000| PB 0x000000008d100000| Untracked 
| 209|0x000000008d100000, 0x000000008d200000, 0x000000008d200000|100%| O|  |TAMS 0x000000008d200000| PB 0x000000008d200000| Updating 
| 210|0x000000008d200000, 0x000000008d300000, 0x000000008d300000|100%| O|  |TAMS 0x000000008d300000| PB 0x000000008d300000| Untracked 
| 211|0x000000008d300000, 0x000000008d400000, 0x000000008d400000|100%| O|  |TAMS 0x000000008d400000| PB 0x000000008d400000| Untracked 
| 212|0x000000008d400000, 0x000000008d500000, 0x000000008d500000|100%| O|  |TAMS 0x000000008d500000| PB 0x000000008d500000| Untracked 
| 213|0x000000008d500000, 0x000000008d600000, 0x000000008d600000|100%| O|  |TAMS 0x000000008d600000| PB 0x000000008d600000| Untracked 
| 214|0x000000008d600000, 0x000000008d700000, 0x000000008d700000|100%| O|  |TAMS 0x000000008d700000| PB 0x000000008d700000| Untracked 
| 215|0x000000008d700000, 0x000000008d800000, 0x000000008d800000|100%| O|  |TAMS 0x000000008d800000| PB 0x000000008d800000| Untracked 
| 216|0x000000008d800000, 0x000000008d900000, 0x000000008d900000|100%| O|  |TAMS 0x000000008d900000| PB 0x000000008d900000| Untracked 
| 217|0x000000008d900000, 0x000000008da00000, 0x000000008da00000|100%| O|  |TAMS 0x000000008da00000| PB 0x000000008da00000| Untracked 
| 218|0x000000008da00000, 0x000000008db00000, 0x000000008db00000|100%| O|  |TAMS 0x000000008db00000| PB 0x000000008db00000| Untracked 
| 219|0x000000008db00000, 0x000000008dc00000, 0x000000008dc00000|100%| O|  |TAMS 0x000000008dc00000| PB 0x000000008dc00000| Untracked 
| 220|0x000000008dc00000, 0x000000008dd00000, 0x000000008dd00000|100%| O|  |TAMS 0x000000008dd00000| PB 0x000000008dd00000| Untracked 
| 221|0x000000008dd00000, 0x000000008de00000, 0x000000008de00000|100%| O|  |TAMS 0x000000008de00000| PB 0x000000008de00000| Untracked 
| 222|0x000000008de00000, 0x000000008df00000, 0x000000008df00000|100%| O|  |TAMS 0x000000008df00000| PB 0x000000008df00000| Untracked 
| 223|0x000000008df00000, 0x000000008e000000, 0x000000008e000000|100%| O|  |TAMS 0x000000008e000000| PB 0x000000008e000000| Untracked 
| 224|0x000000008e000000, 0x000000008e100000, 0x000000008e100000|100%| O|  |TAMS 0x000000008e100000| PB 0x000000008e100000| Untracked 
| 225|0x000000008e100000, 0x000000008e200000, 0x000000008e200000|100%| O|  |TAMS 0x000000008e200000| PB 0x000000008e200000| Untracked 
| 226|0x000000008e200000, 0x000000008e300000, 0x000000008e300000|100%| O|  |TAMS 0x000000008e300000| PB 0x000000008e300000| Untracked 
| 227|0x000000008e300000, 0x000000008e400000, 0x000000008e400000|100%| O|  |TAMS 0x000000008e400000| PB 0x000000008e400000| Untracked 
| 228|0x000000008e400000, 0x000000008e500000, 0x000000008e500000|100%| O|  |TAMS 0x000000008e500000| PB 0x000000008e500000| Untracked 
| 229|0x000000008e500000, 0x000000008e600000, 0x000000008e600000|100%| O|  |TAMS 0x000000008e600000| PB 0x000000008e600000| Untracked 
| 230|0x000000008e600000, 0x000000008e700000, 0x000000008e700000|100%| O|  |TAMS 0x000000008e700000| PB 0x000000008e700000| Untracked 
| 231|0x000000008e700000, 0x000000008e800000, 0x000000008e800000|100%| O|  |TAMS 0x000000008e800000| PB 0x000000008e800000| Untracked 
| 232|0x000000008e800000, 0x000000008e900000, 0x000000008e900000|100%| O|  |TAMS 0x000000008e900000| PB 0x000000008e900000| Untracked 
| 233|0x000000008e900000, 0x000000008ea00000, 0x000000008ea00000|100%| O|  |TAMS 0x000000008ea00000| PB 0x000000008ea00000| Untracked 
| 234|0x000000008ea00000, 0x000000008eb00000, 0x000000008eb00000|100%| O|  |TAMS 0x000000008eb00000| PB 0x000000008eb00000| Untracked 
| 235|0x000000008eb00000, 0x000000008ec00000, 0x000000008ec00000|100%| O|  |TAMS 0x000000008ec00000| PB 0x000000008ec00000| Untracked 
| 236|0x000000008ec00000, 0x000000008ed00000, 0x000000008ed00000|100%| O|  |TAMS 0x000000008ed00000| PB 0x000000008ed00000| Untracked 
| 237|0x000000008ed00000, 0x000000008ee00000, 0x000000008ee00000|100%| O|  |TAMS 0x000000008ee00000| PB 0x000000008ee00000| Untracked 
| 238|0x000000008ee00000, 0x000000008ef00000, 0x000000008ef00000|100%| O|  |TAMS 0x000000008ef00000| PB 0x000000008ef00000| Untracked 
| 239|0x000000008ef00000, 0x000000008f000000, 0x000000008f000000|100%| O|  |TAMS 0x000000008f000000| PB 0x000000008f000000| Untracked 
| 240|0x000000008f000000, 0x000000008f100000, 0x000000008f100000|100%| O|  |TAMS 0x000000008f100000| PB 0x000000008f100000| Untracked 
| 241|0x000000008f100000, 0x000000008f200000, 0x000000008f200000|100%| O|  |TAMS 0x000000008f200000| PB 0x000000008f200000| Untracked 
| 242|0x000000008f200000, 0x000000008f300000, 0x000000008f300000|100%| O|  |TAMS 0x000000008f300000| PB 0x000000008f300000| Updating 
| 243|0x000000008f300000, 0x000000008f400000, 0x000000008f400000|100%| O|  |TAMS 0x000000008f400000| PB 0x000000008f400000| Updating 
| 244|0x000000008f400000, 0x000000008f500000, 0x000000008f500000|100%| O|  |TAMS 0x000000008f500000| PB 0x000000008f500000| Updating 
| 245|0x000000008f500000, 0x000000008f600000, 0x000000008f600000|100%| O|  |TAMS 0x000000008f600000| PB 0x000000008f600000| Updating 
| 246|0x000000008f600000, 0x000000008f700000, 0x000000008f700000|100%| O|  |TAMS 0x000000008f700000| PB 0x000000008f700000| Updating 
| 247|0x000000008f700000, 0x000000008f800000, 0x000000008f800000|100%| O|  |TAMS 0x000000008f800000| PB 0x000000008f800000| Untracked 
| 248|0x000000008f800000, 0x000000008f900000, 0x000000008f900000|100%| O|  |TAMS 0x000000008f900000| PB 0x000000008f900000| Untracked 
| 249|0x000000008f900000, 0x000000008fa00000, 0x000000008fa00000|100%| O|  |TAMS 0x000000008fa00000| PB 0x000000008fa00000| Untracked 
| 250|0x000000008fa00000, 0x000000008fb00000, 0x000000008fb00000|100%| O|  |TAMS 0x000000008fb00000| PB 0x000000008fb00000| Untracked 
| 251|0x000000008fb00000, 0x000000008fc00000, 0x000000008fc00000|100%| O|  |TAMS 0x000000008fc00000| PB 0x000000008fc00000| Untracked 
| 252|0x000000008fc00000, 0x000000008fd00000, 0x000000008fd00000|100%| O|  |TAMS 0x000000008fd00000| PB 0x000000008fd00000| Untracked 
| 253|0x000000008fd00000, 0x000000008fe00000, 0x000000008fe00000|100%| O|  |TAMS 0x000000008fe00000| PB 0x000000008fe00000| Untracked 
| 254|0x000000008fe00000, 0x000000008ff00000, 0x000000008ff00000|100%| O|  |TAMS 0x000000008ff00000| PB 0x000000008ff00000| Untracked 
| 255|0x000000008ff00000, 0x0000000090000000, 0x0000000090000000|100%| O|  |TAMS 0x0000000090000000| PB 0x0000000090000000| Untracked 
| 256|0x0000000090000000, 0x0000000090100000, 0x0000000090100000|100%| O|  |TAMS 0x0000000090100000| PB 0x0000000090100000| Untracked 
| 257|0x0000000090100000, 0x0000000090200000, 0x0000000090200000|100%| O|  |TAMS 0x0000000090200000| PB 0x0000000090200000| Untracked 
| 258|0x0000000090200000, 0x0000000090300000, 0x0000000090300000|100%| O|  |TAMS 0x0000000090300000| PB 0x0000000090300000| Untracked 
| 259|0x0000000090300000, 0x0000000090400000, 0x0000000090400000|100%| O|  |TAMS 0x0000000090400000| PB 0x0000000090400000| Untracked 
| 260|0x0000000090400000, 0x0000000090500000, 0x0000000090500000|100%| O|  |TAMS 0x0000000090500000| PB 0x0000000090500000| Untracked 
| 261|0x0000000090500000, 0x0000000090600000, 0x0000000090600000|100%| O|  |TAMS 0x0000000090600000| PB 0x0000000090600000| Untracked 
| 262|0x0000000090600000, 0x0000000090700000, 0x0000000090700000|100%| O|  |TAMS 0x0000000090700000| PB 0x0000000090700000| Untracked 
| 263|0x0000000090700000, 0x0000000090800000, 0x0000000090800000|100%| O|  |TAMS 0x0000000090800000| PB 0x0000000090800000| Untracked 
| 264|0x0000000090800000, 0x0000000090900000, 0x0000000090900000|100%| O|  |TAMS 0x0000000090900000| PB 0x0000000090900000| Untracked 
| 265|0x0000000090900000, 0x0000000090a00000, 0x0000000090a00000|100%| O|  |TAMS 0x0000000090a00000| PB 0x0000000090a00000| Untracked 
| 266|0x0000000090a00000, 0x0000000090b00000, 0x0000000090b00000|100%| O|  |TAMS 0x0000000090b00000| PB 0x0000000090b00000| Untracked 
| 267|0x0000000090b00000, 0x0000000090c00000, 0x0000000090c00000|100%| O|  |TAMS 0x0000000090c00000| PB 0x0000000090c00000| Untracked 
| 268|0x0000000090c00000, 0x0000000090d00000, 0x0000000090d00000|100%| O|  |TAMS 0x0000000090d00000| PB 0x0000000090d00000| Untracked 
| 269|0x0000000090d00000, 0x0000000090e00000, 0x0000000090e00000|100%| O|  |TAMS 0x0000000090e00000| PB 0x0000000090e00000| Untracked 
| 270|0x0000000090e00000, 0x0000000090f00000, 0x0000000090f00000|100%| O|  |TAMS 0x0000000090f00000| PB 0x0000000090f00000| Untracked 
| 271|0x0000000090f00000, 0x0000000091000000, 0x0000000091000000|100%| O|  |TAMS 0x0000000091000000| PB 0x0000000091000000| Updating 
| 272|0x0000000091000000, 0x0000000091100000, 0x0000000091100000|100%| O|  |TAMS 0x0000000091100000| PB 0x0000000091100000| Untracked 
| 273|0x0000000091100000, 0x0000000091200000, 0x0000000091200000|100%| O|  |TAMS 0x0000000091200000| PB 0x0000000091200000| Updating 
| 274|0x0000000091200000, 0x0000000091300000, 0x0000000091300000|100%| O|  |TAMS 0x0000000091300000| PB 0x0000000091300000| Untracked 
| 275|0x0000000091300000, 0x0000000091400000, 0x0000000091400000|100%| O|  |TAMS 0x0000000091400000| PB 0x0000000091400000| Updating 
| 276|0x0000000091400000, 0x0000000091500000, 0x0000000091500000|100%| O|  |TAMS 0x0000000091500000| PB 0x0000000091500000| Untracked 
| 277|0x0000000091500000, 0x0000000091600000, 0x0000000091600000|100%| O|  |TAMS 0x0000000091600000| PB 0x0000000091600000| Untracked 
| 278|0x0000000091600000, 0x0000000091700000, 0x0000000091700000|100%| O|  |TAMS 0x0000000091700000| PB 0x0000000091700000| Untracked 
| 279|0x0000000091700000, 0x0000000091800000, 0x0000000091800000|100%| O|  |TAMS 0x0000000091800000| PB 0x0000000091800000| Untracked 
| 280|0x0000000091800000, 0x0000000091900000, 0x0000000091900000|100%| O|  |TAMS 0x0000000091900000| PB 0x0000000091900000| Untracked 
| 281|0x0000000091900000, 0x0000000091a00000, 0x0000000091a00000|100%| O|  |TAMS 0x0000000091a00000| PB 0x0000000091a00000| Untracked 
| 282|0x0000000091a00000, 0x0000000091b00000, 0x0000000091b00000|100%| O|  |TAMS 0x0000000091b00000| PB 0x0000000091b00000| Untracked 
| 283|0x0000000091b00000, 0x0000000091c00000, 0x0000000091c00000|100%| O|  |TAMS 0x0000000091c00000| PB 0x0000000091c00000| Untracked 
| 284|0x0000000091c00000, 0x0000000091d00000, 0x0000000091d00000|100%| O|  |TAMS 0x0000000091d00000| PB 0x0000000091d00000| Untracked 
| 285|0x0000000091d00000, 0x0000000091e00000, 0x0000000091e00000|100%| O|  |TAMS 0x0000000091e00000| PB 0x0000000091e00000| Updating 
| 286|0x0000000091e00000, 0x0000000091f00000, 0x0000000091f00000|100%| O|  |TAMS 0x0000000091f00000| PB 0x0000000091f00000| Untracked 
| 287|0x0000000091f00000, 0x0000000092000000, 0x0000000092000000|100%| O|  |TAMS 0x0000000092000000| PB 0x0000000092000000| Untracked 
| 288|0x0000000092000000, 0x0000000092100000, 0x0000000092100000|100%| O|  |TAMS 0x0000000092100000| PB 0x0000000092100000| Untracked 
| 289|0x0000000092100000, 0x0000000092200000, 0x0000000092200000|100%| O|  |TAMS 0x0000000092200000| PB 0x0000000092200000| Updating 
| 290|0x0000000092200000, 0x0000000092300000, 0x0000000092300000|100%| O|  |TAMS 0x0000000092300000| PB 0x0000000092300000| Untracked 
| 291|0x0000000092300000, 0x0000000092400000, 0x0000000092400000|100%| O|  |TAMS 0x0000000092400000| PB 0x0000000092400000| Untracked 
| 292|0x0000000092400000, 0x0000000092500000, 0x0000000092500000|100%| O|  |TAMS 0x0000000092500000| PB 0x0000000092500000| Untracked 
| 293|0x0000000092500000, 0x0000000092600000, 0x0000000092600000|100%| O|  |TAMS 0x0000000092600000| PB 0x0000000092600000| Untracked 
| 294|0x0000000092600000, 0x0000000092700000, 0x0000000092700000|100%| O|  |TAMS 0x0000000092700000| PB 0x0000000092700000| Untracked 
| 295|0x0000000092700000, 0x0000000092800000, 0x0000000092800000|100%| O|  |TAMS 0x0000000092800000| PB 0x0000000092800000| Updating 
| 296|0x0000000092800000, 0x0000000092900000, 0x0000000092900000|100%| O|  |TAMS 0x0000000092900000| PB 0x0000000092900000| Updating 
| 297|0x0000000092900000, 0x0000000092a00000, 0x0000000092a00000|100%| O|  |TAMS 0x0000000092a00000| PB 0x0000000092a00000| Updating 
| 298|0x0000000092a00000, 0x0000000092b00000, 0x0000000092b00000|100%| O|  |TAMS 0x0000000092b00000| PB 0x0000000092b00000| Updating 
| 299|0x0000000092b00000, 0x0000000092c00000, 0x0000000092c00000|100%| O|  |TAMS 0x0000000092c00000| PB 0x0000000092c00000| Updating 
| 300|0x0000000092c00000, 0x0000000092d00000, 0x0000000092d00000|100%| O|  |TAMS 0x0000000092d00000| PB 0x0000000092d00000| Untracked 
| 301|0x0000000092d00000, 0x0000000092e00000, 0x0000000092e00000|100%| O|  |TAMS 0x0000000092e00000| PB 0x0000000092e00000| Untracked 
| 302|0x0000000092e00000, 0x0000000092f00000, 0x0000000092f00000|100%| O|  |TAMS 0x0000000092f00000| PB 0x0000000092f00000| Untracked 
| 303|0x0000000092f00000, 0x0000000093000000, 0x0000000093000000|100%| O|  |TAMS 0x0000000093000000| PB 0x0000000093000000| Untracked 
| 304|0x0000000093000000, 0x0000000093100000, 0x0000000093100000|100%| O|  |TAMS 0x0000000093100000| PB 0x0000000093100000| Untracked 
| 305|0x0000000093100000, 0x0000000093200000, 0x0000000093200000|100%| O|  |TAMS 0x0000000093200000| PB 0x0000000093200000| Untracked 
| 306|0x0000000093200000, 0x0000000093300000, 0x0000000093300000|100%| O|  |TAMS 0x0000000093300000| PB 0x0000000093300000| Untracked 
| 307|0x0000000093300000, 0x0000000093400000, 0x0000000093400000|100%| O|  |TAMS 0x0000000093400000| PB 0x0000000093400000| Untracked 
| 308|0x0000000093400000, 0x0000000093500000, 0x0000000093500000|100%| O|  |TAMS 0x0000000093500000| PB 0x0000000093500000| Untracked 
| 309|0x0000000093500000, 0x0000000093600000, 0x0000000093600000|100%| O|  |TAMS 0x0000000093600000| PB 0x0000000093600000| Untracked 
| 310|0x0000000093600000, 0x0000000093700000, 0x0000000093700000|100%| O|  |TAMS 0x0000000093700000| PB 0x0000000093700000| Untracked 
| 311|0x0000000093700000, 0x0000000093800000, 0x0000000093800000|100%| O|  |TAMS 0x0000000093800000| PB 0x0000000093800000| Untracked 
| 312|0x0000000093800000, 0x0000000093900000, 0x0000000093900000|100%| O|  |TAMS 0x0000000093900000| PB 0x0000000093900000| Untracked 
| 313|0x0000000093900000, 0x0000000093a00000, 0x0000000093a00000|100%| O|  |TAMS 0x0000000093a00000| PB 0x0000000093a00000| Untracked 
| 314|0x0000000093a00000, 0x0000000093b00000, 0x0000000093b00000|100%| O|  |TAMS 0x0000000093b00000| PB 0x0000000093b00000| Untracked 
| 315|0x0000000093b00000, 0x0000000093c00000, 0x0000000093c00000|100%| O|  |TAMS 0x0000000093c00000| PB 0x0000000093c00000| Untracked 
| 316|0x0000000093c00000, 0x0000000093d00000, 0x0000000093d00000|100%| O|  |TAMS 0x0000000093d00000| PB 0x0000000093d00000| Untracked 
| 317|0x0000000093d00000, 0x0000000093e00000, 0x0000000093e00000|100%| O|  |TAMS 0x0000000093e00000| PB 0x0000000093e00000| Untracked 
| 318|0x0000000093e00000, 0x0000000093f00000, 0x0000000093f00000|100%| O|  |TAMS 0x0000000093f00000| PB 0x0000000093f00000| Untracked 
| 319|0x0000000093f00000, 0x0000000094000000, 0x0000000094000000|100%| O|  |TAMS 0x0000000094000000| PB 0x0000000094000000| Updating 
| 320|0x0000000094000000, 0x0000000094100000, 0x0000000094100000|100%| O|  |TAMS 0x0000000094100000| PB 0x0000000094100000| Updating 
| 321|0x0000000094100000, 0x0000000094200000, 0x0000000094200000|100%| O|  |TAMS 0x0000000094200000| PB 0x0000000094200000| Updating 
| 322|0x0000000094200000, 0x0000000094300000, 0x0000000094300000|100%| O|  |TAMS 0x0000000094300000| PB 0x0000000094300000| Updating 
| 323|0x0000000094300000, 0x0000000094400000, 0x0000000094400000|100%| O|  |TAMS 0x0000000094400000| PB 0x0000000094400000| Untracked 
| 324|0x0000000094400000, 0x0000000094500000, 0x0000000094500000|100%| O|  |TAMS 0x0000000094500000| PB 0x0000000094500000| Untracked 
| 325|0x0000000094500000, 0x0000000094600000, 0x0000000094600000|100%| O|  |TAMS 0x0000000094600000| PB 0x0000000094600000| Untracked 
| 326|0x0000000094600000, 0x0000000094700000, 0x0000000094700000|100%| O|  |TAMS 0x0000000094700000| PB 0x0000000094700000| Untracked 
| 327|0x0000000094700000, 0x0000000094800000, 0x0000000094800000|100%| O|  |TAMS 0x0000000094800000| PB 0x0000000094800000| Untracked 
| 328|0x0000000094800000, 0x0000000094900000, 0x0000000094900000|100%| O|  |TAMS 0x0000000094900000| PB 0x0000000094900000| Untracked 
| 329|0x0000000094900000, 0x0000000094a00000, 0x0000000094a00000|100%| O|  |TAMS 0x0000000094a00000| PB 0x0000000094a00000| Untracked 
| 330|0x0000000094a00000, 0x0000000094b00000, 0x0000000094b00000|100%| O|  |TAMS 0x0000000094b00000| PB 0x0000000094b00000| Untracked 
| 331|0x0000000094b00000, 0x0000000094c00000, 0x0000000094c00000|100%| O|  |TAMS 0x0000000094c00000| PB 0x0000000094c00000| Untracked 
| 332|0x0000000094c00000, 0x0000000094d00000, 0x0000000094d00000|100%| O|  |TAMS 0x0000000094d00000| PB 0x0000000094d00000| Untracked 
| 333|0x0000000094d00000, 0x0000000094e00000, 0x0000000094e00000|100%| O|  |TAMS 0x0000000094e00000| PB 0x0000000094e00000| Untracked 
| 334|0x0000000094e00000, 0x0000000094f00000, 0x0000000094f00000|100%| O|  |TAMS 0x0000000094f00000| PB 0x0000000094f00000| Untracked 
| 335|0x0000000094f00000, 0x0000000095000000, 0x0000000095000000|100%| O|  |TAMS 0x0000000095000000| PB 0x0000000095000000| Untracked 
| 336|0x0000000095000000, 0x0000000095100000, 0x0000000095100000|100%| O|  |TAMS 0x0000000095100000| PB 0x0000000095100000| Untracked 
| 337|0x0000000095100000, 0x0000000095200000, 0x0000000095200000|100%| O|  |TAMS 0x0000000095200000| PB 0x0000000095200000| Updating 
| 338|0x0000000095200000, 0x0000000095300000, 0x0000000095300000|100%| O|  |TAMS 0x0000000095300000| PB 0x0000000095300000| Untracked 
| 339|0x0000000095300000, 0x0000000095400000, 0x0000000095400000|100%| O|  |TAMS 0x0000000095400000| PB 0x0000000095400000| Updating 
| 340|0x0000000095400000, 0x0000000095500000, 0x0000000095500000|100%| O|  |TAMS 0x0000000095500000| PB 0x0000000095500000| Untracked 
| 341|0x0000000095500000, 0x0000000095600000, 0x0000000095600000|100%| O|  |TAMS 0x0000000095600000| PB 0x0000000095600000| Updating 
| 342|0x0000000095600000, 0x0000000095700000, 0x0000000095700000|100%| O|  |TAMS 0x0000000095700000| PB 0x0000000095700000| Untracked 
| 343|0x0000000095700000, 0x0000000095800000, 0x0000000095800000|100%| O|  |TAMS 0x0000000095800000| PB 0x0000000095800000| Untracked 
| 344|0x0000000095800000, 0x0000000095900000, 0x0000000095900000|100%| O|  |TAMS 0x0000000095900000| PB 0x0000000095900000| Untracked 
| 345|0x0000000095900000, 0x0000000095a00000, 0x0000000095a00000|100%| O|  |TAMS 0x0000000095a00000| PB 0x0000000095a00000| Untracked 
| 346|0x0000000095a00000, 0x0000000095b00000, 0x0000000095b00000|100%| O|  |TAMS 0x0000000095b00000| PB 0x0000000095b00000| Untracked 
| 347|0x0000000095b00000, 0x0000000095c00000, 0x0000000095c00000|100%| O|  |TAMS 0x0000000095c00000| PB 0x0000000095c00000| Updating 
| 348|0x0000000095c00000, 0x0000000095d00000, 0x0000000095d00000|100%| O|  |TAMS 0x0000000095d00000| PB 0x0000000095d00000| Updating 
| 349|0x0000000095d00000, 0x0000000095e00000, 0x0000000095e00000|100%| O|  |TAMS 0x0000000095e00000| PB 0x0000000095e00000| Updating 
| 350|0x0000000095e00000, 0x0000000095f00000, 0x0000000095f00000|100%| O|  |TAMS 0x0000000095f00000| PB 0x0000000095f00000| Updating 
| 351|0x0000000095f00000, 0x0000000096000000, 0x0000000096000000|100%| O|  |TAMS 0x0000000096000000| PB 0x0000000096000000| Untracked 
| 352|0x0000000096000000, 0x0000000096100000, 0x0000000096100000|100%| O|  |TAMS 0x0000000096100000| PB 0x0000000096100000| Untracked 
| 353|0x0000000096100000, 0x0000000096200000, 0x0000000096200000|100%| O|  |TAMS 0x0000000096200000| PB 0x0000000096200000| Untracked 
| 354|0x0000000096200000, 0x0000000096300000, 0x0000000096300000|100%| O|  |TAMS 0x0000000096300000| PB 0x0000000096300000| Untracked 
| 355|0x0000000096300000, 0x0000000096400000, 0x0000000096400000|100%| O|  |TAMS 0x0000000096400000| PB 0x0000000096400000| Untracked 
| 356|0x0000000096400000, 0x0000000096500000, 0x0000000096500000|100%| O|  |TAMS 0x0000000096500000| PB 0x0000000096500000| Untracked 
| 357|0x0000000096500000, 0x0000000096600000, 0x0000000096600000|100%| O|  |TAMS 0x0000000096600000| PB 0x0000000096600000| Untracked 
| 358|0x0000000096600000, 0x0000000096700000, 0x0000000096700000|100%| O|  |TAMS 0x0000000096700000| PB 0x0000000096700000| Untracked 
| 359|0x0000000096700000, 0x0000000096800000, 0x0000000096800000|100%| O|  |TAMS 0x0000000096800000| PB 0x0000000096800000| Untracked 
| 360|0x0000000096800000, 0x0000000096900000, 0x0000000096900000|100%| O|  |TAMS 0x0000000096900000| PB 0x0000000096900000| Untracked 
| 361|0x0000000096900000, 0x0000000096a00000, 0x0000000096a00000|100%| O|  |TAMS 0x0000000096a00000| PB 0x0000000096a00000| Untracked 
| 362|0x0000000096a00000, 0x0000000096b00000, 0x0000000096b00000|100%| O|  |TAMS 0x0000000096b00000| PB 0x0000000096b00000| Untracked 
| 363|0x0000000096b00000, 0x0000000096c00000, 0x0000000096c00000|100%| O|  |TAMS 0x0000000096c00000| PB 0x0000000096c00000| Untracked 
| 364|0x0000000096c00000, 0x0000000096d00000, 0x0000000096d00000|100%| O|  |TAMS 0x0000000096d00000| PB 0x0000000096d00000| Untracked 
| 365|0x0000000096d00000, 0x0000000096e00000, 0x0000000096e00000|100%| O|  |TAMS 0x0000000096e00000| PB 0x0000000096e00000| Untracked 
| 366|0x0000000096e00000, 0x0000000096f00000, 0x0000000096f00000|100%| O|  |TAMS 0x0000000096f00000| PB 0x0000000096f00000| Untracked 
| 367|0x0000000096f00000, 0x0000000097000000, 0x0000000097000000|100%| O|  |TAMS 0x0000000097000000| PB 0x0000000097000000| Untracked 
| 368|0x0000000097000000, 0x0000000097100000, 0x0000000097100000|100%| O|  |TAMS 0x0000000097100000| PB 0x0000000097100000| Untracked 
| 369|0x0000000097100000, 0x0000000097200000, 0x0000000097200000|100%| O|  |TAMS 0x0000000097200000| PB 0x0000000097200000| Untracked 
| 370|0x0000000097200000, 0x0000000097300000, 0x0000000097300000|100%| O|  |TAMS 0x0000000097300000| PB 0x0000000097300000| Untracked 
| 371|0x0000000097300000, 0x0000000097400000, 0x0000000097400000|100%| O|  |TAMS 0x0000000097400000| PB 0x0000000097400000| Untracked 
| 372|0x0000000097400000, 0x0000000097500000, 0x0000000097500000|100%| O|  |TAMS 0x0000000097500000| PB 0x0000000097500000| Untracked 
| 373|0x0000000097500000, 0x0000000097600000, 0x0000000097600000|100%| O|  |TAMS 0x0000000097600000| PB 0x0000000097600000| Untracked 
| 374|0x0000000097600000, 0x0000000097700000, 0x0000000097700000|100%| O|  |TAMS 0x0000000097700000| PB 0x0000000097700000| Untracked 
| 375|0x0000000097700000, 0x0000000097800000, 0x0000000097800000|100%| O|  |TAMS 0x0000000097800000| PB 0x0000000097800000| Untracked 
| 376|0x0000000097800000, 0x0000000097900000, 0x0000000097900000|100%| O|  |TAMS 0x0000000097900000| PB 0x0000000097900000| Untracked 
| 377|0x0000000097900000, 0x0000000097a00000, 0x0000000097a00000|100%| O|  |TAMS 0x0000000097a00000| PB 0x0000000097a00000| Untracked 
| 378|0x0000000097a00000, 0x0000000097b00000, 0x0000000097b00000|100%| O|  |TAMS 0x0000000097b00000| PB 0x0000000097b00000| Untracked 
| 379|0x0000000097b00000, 0x0000000097c00000, 0x0000000097c00000|100%| O|  |TAMS 0x0000000097c00000| PB 0x0000000097c00000| Untracked 
| 380|0x0000000097c00000, 0x0000000097d00000, 0x0000000097d00000|100%| O|  |TAMS 0x0000000097d00000| PB 0x0000000097d00000| Untracked 
| 381|0x0000000097d00000, 0x0000000097e00000, 0x0000000097e00000|100%| O|  |TAMS 0x0000000097e00000| PB 0x0000000097e00000| Untracked 
| 382|0x0000000097e00000, 0x0000000097f00000, 0x0000000097f00000|100%| O|  |TAMS 0x0000000097f00000| PB 0x0000000097f00000| Untracked 
| 383|0x0000000097f00000, 0x0000000098000000, 0x0000000098000000|100%| O|  |TAMS 0x0000000098000000| PB 0x0000000098000000| Untracked 
| 384|0x0000000098000000, 0x0000000098100000, 0x0000000098100000|100%| O|  |TAMS 0x0000000098100000| PB 0x0000000098100000| Untracked 
| 385|0x0000000098100000, 0x0000000098200000, 0x0000000098200000|100%| O|  |TAMS 0x0000000098200000| PB 0x0000000098200000| Untracked 
| 386|0x0000000098200000, 0x0000000098300000, 0x0000000098300000|100%| O|  |TAMS 0x0000000098300000| PB 0x0000000098300000| Untracked 
| 387|0x0000000098300000, 0x0000000098400000, 0x0000000098400000|100%| O|  |TAMS 0x0000000098400000| PB 0x0000000098400000| Untracked 
| 388|0x0000000098400000, 0x0000000098500000, 0x0000000098500000|100%| O|  |TAMS 0x0000000098500000| PB 0x0000000098500000| Untracked 
| 389|0x0000000098500000, 0x0000000098600000, 0x0000000098600000|100%| O|  |TAMS 0x0000000098600000| PB 0x0000000098600000| Untracked 
| 390|0x0000000098600000, 0x0000000098700000, 0x0000000098700000|100%| O|  |TAMS 0x0000000098700000| PB 0x0000000098700000| Untracked 
| 391|0x0000000098700000, 0x0000000098800000, 0x0000000098800000|100%| O|  |TAMS 0x0000000098800000| PB 0x0000000098800000| Untracked 
| 392|0x0000000098800000, 0x0000000098900000, 0x0000000098900000|100%| O|  |TAMS 0x0000000098900000| PB 0x0000000098900000| Untracked 
| 393|0x0000000098900000, 0x0000000098a00000, 0x0000000098a00000|100%| O|  |TAMS 0x0000000098a00000| PB 0x0000000098a00000| Untracked 
| 394|0x0000000098a00000, 0x0000000098b00000, 0x0000000098b00000|100%| O|  |TAMS 0x0000000098b00000| PB 0x0000000098b00000| Untracked 
| 395|0x0000000098b00000, 0x0000000098c00000, 0x0000000098c00000|100%| O|  |TAMS 0x0000000098c00000| PB 0x0000000098c00000| Untracked 
| 396|0x0000000098c00000, 0x0000000098d00000, 0x0000000098d00000|100%| O|  |TAMS 0x0000000098d00000| PB 0x0000000098d00000| Untracked 
| 397|0x0000000098d00000, 0x0000000098e00000, 0x0000000098e00000|100%| O|  |TAMS 0x0000000098e00000| PB 0x0000000098e00000| Untracked 
| 398|0x0000000098e00000, 0x0000000098f00000, 0x0000000098f00000|100%| O|  |TAMS 0x0000000098f00000| PB 0x0000000098f00000| Untracked 
| 399|0x0000000098f00000, 0x0000000099000000, 0x0000000099000000|100%| O|  |TAMS 0x0000000099000000| PB 0x0000000099000000| Untracked 
| 400|0x0000000099000000, 0x0000000099100000, 0x0000000099100000|100%| O|  |TAMS 0x0000000099100000| PB 0x0000000099100000| Untracked 
| 401|0x0000000099100000, 0x0000000099200000, 0x0000000099200000|100%| O|  |TAMS 0x0000000099200000| PB 0x0000000099200000| Untracked 
| 402|0x0000000099200000, 0x0000000099300000, 0x0000000099300000|100%| O|  |TAMS 0x0000000099300000| PB 0x0000000099300000| Untracked 
| 403|0x0000000099300000, 0x0000000099400000, 0x0000000099400000|100%| O|  |TAMS 0x0000000099400000| PB 0x0000000099400000| Untracked 
| 404|0x0000000099400000, 0x0000000099500000, 0x0000000099500000|100%| O|  |TAMS 0x0000000099500000| PB 0x0000000099500000| Untracked 
| 405|0x0000000099500000, 0x0000000099600000, 0x0000000099600000|100%| O|  |TAMS 0x0000000099600000| PB 0x0000000099600000| Untracked 
| 406|0x0000000099600000, 0x0000000099700000, 0x0000000099700000|100%| O|  |TAMS 0x0000000099700000| PB 0x0000000099700000| Updating 
| 407|0x0000000099700000, 0x0000000099800000, 0x0000000099800000|100%| O|  |TAMS 0x0000000099800000| PB 0x0000000099800000| Updating 
| 408|0x0000000099800000, 0x0000000099900000, 0x0000000099900000|100%| O|  |TAMS 0x0000000099900000| PB 0x0000000099900000| Updating 
| 409|0x0000000099900000, 0x0000000099a00000, 0x0000000099a00000|100%| O|  |TAMS 0x0000000099a00000| PB 0x0000000099a00000| Updating 
| 410|0x0000000099a00000, 0x0000000099b00000, 0x0000000099b00000|100%| O|  |TAMS 0x0000000099b00000| PB 0x0000000099b00000| Untracked 
| 411|0x0000000099b00000, 0x0000000099c00000, 0x0000000099c00000|100%| O|  |TAMS 0x0000000099c00000| PB 0x0000000099c00000| Untracked 
| 412|0x0000000099c00000, 0x0000000099d00000, 0x0000000099d00000|100%| O|  |TAMS 0x0000000099d00000| PB 0x0000000099d00000| Untracked 
| 413|0x0000000099d00000, 0x0000000099e00000, 0x0000000099e00000|100%| O|  |TAMS 0x0000000099e00000| PB 0x0000000099e00000| Untracked 
| 414|0x0000000099e00000, 0x0000000099f00000, 0x0000000099f00000|100%| O|  |TAMS 0x0000000099f00000| PB 0x0000000099f00000| Untracked 
| 415|0x0000000099f00000, 0x000000009a000000, 0x000000009a000000|100%| O|  |TAMS 0x000000009a000000| PB 0x000000009a000000| Untracked 
| 416|0x000000009a000000, 0x000000009a100000, 0x000000009a100000|100%| O|  |TAMS 0x000000009a100000| PB 0x000000009a100000| Untracked 
| 417|0x000000009a100000, 0x000000009a200000, 0x000000009a200000|100%| O|  |TAMS 0x000000009a200000| PB 0x000000009a200000| Untracked 
| 418|0x000000009a200000, 0x000000009a300000, 0x000000009a300000|100%| O|  |TAMS 0x000000009a300000| PB 0x000000009a300000| Untracked 
| 419|0x000000009a300000, 0x000000009a400000, 0x000000009a400000|100%| O|  |TAMS 0x000000009a400000| PB 0x000000009a400000| Untracked 
| 420|0x000000009a400000, 0x000000009a500000, 0x000000009a500000|100%| O|  |TAMS 0x000000009a500000| PB 0x000000009a500000| Untracked 
| 421|0x000000009a500000, 0x000000009a600000, 0x000000009a600000|100%| O|  |TAMS 0x000000009a600000| PB 0x000000009a600000| Untracked 
| 422|0x000000009a600000, 0x000000009a700000, 0x000000009a700000|100%| O|  |TAMS 0x000000009a700000| PB 0x000000009a700000| Untracked 
| 423|0x000000009a700000, 0x000000009a800000, 0x000000009a800000|100%| O|  |TAMS 0x000000009a800000| PB 0x000000009a800000| Untracked 
| 424|0x000000009a800000, 0x000000009a900000, 0x000000009a900000|100%| O|  |TAMS 0x000000009a900000| PB 0x000000009a900000| Untracked 
| 425|0x000000009a900000, 0x000000009aa00000, 0x000000009aa00000|100%| O|  |TAMS 0x000000009aa00000| PB 0x000000009aa00000| Untracked 
| 426|0x000000009aa00000, 0x000000009ab00000, 0x000000009ab00000|100%| O|  |TAMS 0x000000009ab00000| PB 0x000000009ab00000| Untracked 
| 427|0x000000009ab00000, 0x000000009ac00000, 0x000000009ac00000|100%| O|  |TAMS 0x000000009ac00000| PB 0x000000009ac00000| Untracked 
| 428|0x000000009ac00000, 0x000000009ad00000, 0x000000009ad00000|100%| O|  |TAMS 0x000000009ad00000| PB 0x000000009ad00000| Untracked 
| 429|0x000000009ad00000, 0x000000009ae00000, 0x000000009ae00000|100%| O|  |TAMS 0x000000009ae00000| PB 0x000000009ae00000| Untracked 
| 430|0x000000009ae00000, 0x000000009af00000, 0x000000009af00000|100%| O|  |TAMS 0x000000009af00000| PB 0x000000009af00000| Untracked 
| 431|0x000000009af00000, 0x000000009b000000, 0x000000009b000000|100%| O|  |TAMS 0x000000009b000000| PB 0x000000009b000000| Untracked 
| 432|0x000000009b000000, 0x000000009b100000, 0x000000009b100000|100%| O|  |TAMS 0x000000009b100000| PB 0x000000009b100000| Untracked 
| 433|0x000000009b100000, 0x000000009b200000, 0x000000009b200000|100%| O|  |TAMS 0x000000009b200000| PB 0x000000009b200000| Untracked 
| 434|0x000000009b200000, 0x000000009b300000, 0x000000009b300000|100%| O|  |TAMS 0x000000009b300000| PB 0x000000009b300000| Untracked 
| 435|0x000000009b300000, 0x000000009b400000, 0x000000009b400000|100%| O|  |TAMS 0x000000009b400000| PB 0x000000009b400000| Untracked 
| 436|0x000000009b400000, 0x000000009b500000, 0x000000009b500000|100%| O|  |TAMS 0x000000009b500000| PB 0x000000009b500000| Untracked 
| 437|0x000000009b500000, 0x000000009b600000, 0x000000009b600000|100%| O|  |TAMS 0x000000009b600000| PB 0x000000009b600000| Untracked 
| 438|0x000000009b600000, 0x000000009b700000, 0x000000009b700000|100%| O|  |TAMS 0x000000009b700000| PB 0x000000009b700000| Untracked 
| 439|0x000000009b700000, 0x000000009b800000, 0x000000009b800000|100%| O|  |TAMS 0x000000009b800000| PB 0x000000009b800000| Untracked 
| 440|0x000000009b800000, 0x000000009b900000, 0x000000009b900000|100%| O|  |TAMS 0x000000009b900000| PB 0x000000009b900000| Untracked 
| 441|0x000000009b900000, 0x000000009ba00000, 0x000000009ba00000|100%| O|  |TAMS 0x000000009ba00000| PB 0x000000009ba00000| Untracked 
| 442|0x000000009ba00000, 0x000000009bb00000, 0x000000009bb00000|100%| O|  |TAMS 0x000000009bb00000| PB 0x000000009bb00000| Untracked 
| 443|0x000000009bb00000, 0x000000009bc00000, 0x000000009bc00000|100%| O|  |TAMS 0x000000009bc00000| PB 0x000000009bc00000| Untracked 
| 444|0x000000009bc00000, 0x000000009bd00000, 0x000000009bd00000|100%| O|  |TAMS 0x000000009bd00000| PB 0x000000009bd00000| Untracked 
| 445|0x000000009bd00000, 0x000000009be00000, 0x000000009be00000|100%| O|  |TAMS 0x000000009be00000| PB 0x000000009be00000| Updating 
| 446|0x000000009be00000, 0x000000009bf00000, 0x000000009bf00000|100%| O|  |TAMS 0x000000009bf00000| PB 0x000000009bf00000| Updating 
| 447|0x000000009bf00000, 0x000000009c000000, 0x000000009c000000|100%| O|  |TAMS 0x000000009c000000| PB 0x000000009c000000| Updating 
| 448|0x000000009c000000, 0x000000009c100000, 0x000000009c100000|100%| O|  |TAMS 0x000000009c100000| PB 0x000000009c100000| Updating 
| 449|0x000000009c100000, 0x000000009c200000, 0x000000009c200000|100%| O|  |TAMS 0x000000009c200000| PB 0x000000009c200000| Updating 
| 450|0x000000009c200000, 0x000000009c300000, 0x000000009c300000|100%| O|  |TAMS 0x000000009c200000| PB 0x000000009c200000| Untracked 
| 451|0x000000009c300000, 0x000000009c400000, 0x000000009c400000|100%| O|  |TAMS 0x000000009c300000| PB 0x000000009c300000| Untracked 
| 452|0x000000009c400000, 0x000000009c500000, 0x000000009c500000|100%| O|  |TAMS 0x000000009c400000| PB 0x000000009c400000| Untracked 
| 453|0x000000009c500000, 0x000000009c600000, 0x000000009c600000|100%| O|  |TAMS 0x000000009c500000| PB 0x000000009c500000| Untracked 
| 454|0x000000009c600000, 0x000000009c700000, 0x000000009c700000|100%| O|  |TAMS 0x000000009c600000| PB 0x000000009c600000| Untracked 
| 455|0x000000009c700000, 0x000000009c800000, 0x000000009c800000|100%| O|  |TAMS 0x000000009c700000| PB 0x000000009c700000| Untracked 
| 456|0x000000009c800000, 0x000000009c900000, 0x000000009c900000|100%| O|  |TAMS 0x000000009c800000| PB 0x000000009c800000| Untracked 
| 457|0x000000009c900000, 0x000000009ca00000, 0x000000009ca00000|100%| O|  |TAMS 0x000000009c900000| PB 0x000000009c900000| Untracked 
| 458|0x000000009ca00000, 0x000000009cb00000, 0x000000009cb00000|100%| O|  |TAMS 0x000000009ca00000| PB 0x000000009ca00000| Untracked 
| 459|0x000000009cb00000, 0x000000009cc00000, 0x000000009cc00000|100%| O|  |TAMS 0x000000009cb00000| PB 0x000000009cb00000| Untracked 
| 460|0x000000009cc00000, 0x000000009cd00000, 0x000000009cd00000|100%| O|  |TAMS 0x000000009cc00000| PB 0x000000009cc00000| Untracked 
| 461|0x000000009cd00000, 0x000000009ce00000, 0x000000009ce00000|100%| O|  |TAMS 0x000000009cd00000| PB 0x000000009cd00000| Untracked 
| 462|0x000000009ce00000, 0x000000009cf00000, 0x000000009cf00000|100%| O|  |TAMS 0x000000009ce00000| PB 0x000000009ce00000| Untracked 
| 463|0x000000009cf00000, 0x000000009d000000, 0x000000009d000000|100%| O|  |TAMS 0x000000009cf00000| PB 0x000000009cf00000| Untracked 
| 464|0x000000009d000000, 0x000000009d100000, 0x000000009d100000|100%| O|  |TAMS 0x000000009d000000| PB 0x000000009d000000| Untracked 
| 465|0x000000009d100000, 0x000000009d200000, 0x000000009d200000|100%| O|  |TAMS 0x000000009d100000| PB 0x000000009d100000| Untracked 
| 466|0x000000009d200000, 0x000000009d300000, 0x000000009d300000|100%| O|  |TAMS 0x000000009d200000| PB 0x000000009d200000| Untracked 
| 467|0x000000009d300000, 0x000000009d400000, 0x000000009d400000|100%| O|  |TAMS 0x000000009d300000| PB 0x000000009d300000| Untracked 
| 468|0x000000009d400000, 0x000000009d500000, 0x000000009d500000|100%| O|  |TAMS 0x000000009d400000| PB 0x000000009d400000| Untracked 
| 469|0x000000009d500000, 0x000000009d600000, 0x000000009d600000|100%| O|  |TAMS 0x000000009d500000| PB 0x000000009d500000| Untracked 
| 470|0x000000009d600000, 0x000000009d700000, 0x000000009d700000|100%| O|  |TAMS 0x000000009d600000| PB 0x000000009d600000| Untracked 
| 471|0x000000009d700000, 0x000000009d800000, 0x000000009d800000|100%| O|  |TAMS 0x000000009d700000| PB 0x000000009d700000| Untracked 
| 472|0x000000009d800000, 0x000000009d900000, 0x000000009d900000|100%| O|  |TAMS 0x000000009d800000| PB 0x000000009d800000| Untracked 
| 473|0x000000009d900000, 0x000000009da00000, 0x000000009da00000|100%| O|  |TAMS 0x000000009d900000| PB 0x000000009d900000| Untracked 
| 474|0x000000009da00000, 0x000000009db00000, 0x000000009db00000|100%| O|  |TAMS 0x000000009da00000| PB 0x000000009da00000| Untracked 
| 475|0x000000009db00000, 0x000000009dc00000, 0x000000009dc00000|100%| O|  |TAMS 0x000000009db00000| PB 0x000000009db00000| Untracked 
| 476|0x000000009dc00000, 0x000000009dd00000, 0x000000009dd00000|100%| O|  |TAMS 0x000000009dc00000| PB 0x000000009dc00000| Untracked 
| 477|0x000000009dd00000, 0x000000009de00000, 0x000000009de00000|100%| O|  |TAMS 0x000000009dd00000| PB 0x000000009dd00000| Untracked 
| 478|0x000000009de00000, 0x000000009df00000, 0x000000009df00000|100%| O|  |TAMS 0x000000009de00000| PB 0x000000009de00000| Untracked 
| 479|0x000000009df00000, 0x000000009e000000, 0x000000009e000000|100%| O|  |TAMS 0x000000009df00000| PB 0x000000009df00000| Untracked 
| 480|0x000000009e000000, 0x000000009e100000, 0x000000009e100000|100%| O|  |TAMS 0x000000009e000000| PB 0x000000009e000000| Untracked 
| 481|0x000000009e100000, 0x000000009e200000, 0x000000009e200000|100%| O|  |TAMS 0x000000009e100000| PB 0x000000009e100000| Untracked 
| 482|0x000000009e200000, 0x000000009e300000, 0x000000009e300000|100%| O|  |TAMS 0x000000009e200000| PB 0x000000009e200000| Untracked 
| 483|0x000000009e300000, 0x000000009e400000, 0x000000009e400000|100%| O|  |TAMS 0x000000009e300000| PB 0x000000009e300000| Untracked 
| 484|0x000000009e400000, 0x000000009e500000, 0x000000009e500000|100%| O|  |TAMS 0x000000009e400000| PB 0x000000009e400000| Untracked 
| 485|0x000000009e500000, 0x000000009e600000, 0x000000009e600000|100%| O|  |TAMS 0x000000009e500000| PB 0x000000009e500000| Untracked 
| 486|0x000000009e600000, 0x000000009e700000, 0x000000009e700000|100%| O|  |TAMS 0x000000009e600000| PB 0x000000009e600000| Untracked 
| 487|0x000000009e700000, 0x000000009e800000, 0x000000009e800000|100%| O|  |TAMS 0x000000009e700000| PB 0x000000009e700000| Untracked 
| 488|0x000000009e800000, 0x000000009e900000, 0x000000009e900000|100%| O|  |TAMS 0x000000009e800000| PB 0x000000009e800000| Untracked 
| 489|0x000000009e900000, 0x000000009ea00000, 0x000000009ea00000|100%| O|  |TAMS 0x000000009e900000| PB 0x000000009e900000| Untracked 
| 490|0x000000009ea00000, 0x000000009eb00000, 0x000000009eb00000|100%| O|  |TAMS 0x000000009ea00000| PB 0x000000009ea00000| Untracked 
| 491|0x000000009eb00000, 0x000000009ec00000, 0x000000009ec00000|100%| O|  |TAMS 0x000000009eb00000| PB 0x000000009eb00000| Untracked 
| 492|0x000000009ec00000, 0x000000009ed00000, 0x000000009ed00000|100%| O|  |TAMS 0x000000009ec00000| PB 0x000000009ec00000| Untracked 
| 493|0x000000009ed00000, 0x000000009ee00000, 0x000000009ee00000|100%| O|  |TAMS 0x000000009ed00000| PB 0x000000009ed00000| Untracked 
| 494|0x000000009ee00000, 0x000000009ef00000, 0x000000009ef00000|100%| O|  |TAMS 0x000000009ee00000| PB 0x000000009ee00000| Untracked 
| 495|0x000000009ef00000, 0x000000009f000000, 0x000000009f000000|100%| O|  |TAMS 0x000000009ef00000| PB 0x000000009ef00000| Untracked 
| 496|0x000000009f000000, 0x000000009f100000, 0x000000009f100000|100%| O|  |TAMS 0x000000009f000000| PB 0x000000009f000000| Untracked 
| 497|0x000000009f100000, 0x000000009f100000, 0x000000009f200000|  0%| F|  |TAMS 0x000000009f100000| PB 0x000000009f100000| Untracked 
| 498|0x000000009f200000, 0x000000009f200000, 0x000000009f300000|  0%| F|  |TAMS 0x000000009f200000| PB 0x000000009f200000| Untracked 
| 499|0x000000009f300000, 0x000000009f300000, 0x000000009f400000|  0%| F|  |TAMS 0x000000009f300000| PB 0x000000009f300000| Untracked 
| 500|0x000000009f400000, 0x000000009f400000, 0x000000009f500000|  0%| F|  |TAMS 0x000000009f400000| PB 0x000000009f400000| Untracked 
| 501|0x000000009f500000, 0x000000009f500000, 0x000000009f600000|  0%| F|  |TAMS 0x000000009f500000| PB 0x000000009f500000| Untracked 
| 502|0x000000009f600000, 0x000000009f600000, 0x000000009f700000|  0%| F|  |TAMS 0x000000009f600000| PB 0x000000009f600000| Untracked 
| 503|0x000000009f700000, 0x000000009f700000, 0x000000009f800000|  0%| F|  |TAMS 0x000000009f700000| PB 0x000000009f700000| Untracked 
| 504|0x000000009f800000, 0x000000009f800000, 0x000000009f900000|  0%| F|  |TAMS 0x000000009f800000| PB 0x000000009f800000| Untracked 
| 505|0x000000009f900000, 0x000000009f900000, 0x000000009fa00000|  0%| F|  |TAMS 0x000000009f900000| PB 0x000000009f900000| Untracked 
| 506|0x000000009fa00000, 0x000000009fa00000, 0x000000009fb00000|  0%| F|  |TAMS 0x000000009fa00000| PB 0x000000009fa00000| Untracked 
| 507|0x000000009fb00000, 0x000000009fb00000, 0x000000009fc00000|  0%| F|  |TAMS 0x000000009fb00000| PB 0x000000009fb00000| Untracked 
| 508|0x000000009fc00000, 0x000000009fc00000, 0x000000009fd00000|  0%| F|  |TAMS 0x000000009fc00000| PB 0x000000009fc00000| Untracked 
| 509|0x000000009fd00000, 0x000000009fd00000, 0x000000009fe00000|  0%| F|  |TAMS 0x000000009fd00000| PB 0x000000009fd00000| Untracked 
| 510|0x000000009fe00000, 0x000000009fe00000, 0x000000009ff00000|  0%| F|  |TAMS 0x000000009fe00000| PB 0x000000009fe00000| Untracked 
| 511|0x000000009ff00000, 0x000000009ff00000, 0x00000000a0000000|  0%| F|  |TAMS 0x000000009ff00000| PB 0x000000009ff00000| Untracked 
| 512|0x00000000a0000000, 0x00000000a0000000, 0x00000000a0100000|  0%| F|  |TAMS 0x00000000a0000000| PB 0x00000000a0000000| Untracked 
| 513|0x00000000a0100000, 0x00000000a0100000, 0x00000000a0200000|  0%| F|  |TAMS 0x00000000a0100000| PB 0x00000000a0100000| Untracked 
| 514|0x00000000a0200000, 0x00000000a0200000, 0x00000000a0300000|  0%| F|  |TAMS 0x00000000a0200000| PB 0x00000000a0200000| Untracked 
| 515|0x00000000a0300000, 0x00000000a0300000, 0x00000000a0400000|  0%| F|  |TAMS 0x00000000a0300000| PB 0x00000000a0300000| Untracked 
| 516|0x00000000a0400000, 0x00000000a0400000, 0x00000000a0500000|  0%| F|  |TAMS 0x00000000a0400000| PB 0x00000000a0400000| Untracked 
| 517|0x00000000a0500000, 0x00000000a0500000, 0x00000000a0600000|  0%| F|  |TAMS 0x00000000a0500000| PB 0x00000000a0500000| Untracked 
| 518|0x00000000a0600000, 0x00000000a0600000, 0x00000000a0700000|  0%| F|  |TAMS 0x00000000a0600000| PB 0x00000000a0600000| Untracked 
| 519|0x00000000a0700000, 0x00000000a0700000, 0x00000000a0800000|  0%| F|  |TAMS 0x00000000a0700000| PB 0x00000000a0700000| Untracked 
| 520|0x00000000a0800000, 0x00000000a0800000, 0x00000000a0900000|  0%| F|  |TAMS 0x00000000a0800000| PB 0x00000000a0800000| Untracked 
| 521|0x00000000a0900000, 0x00000000a0900000, 0x00000000a0a00000|  0%| F|  |TAMS 0x00000000a0900000| PB 0x00000000a0900000| Untracked 
| 522|0x00000000a0a00000, 0x00000000a0a00000, 0x00000000a0b00000|  0%| F|  |TAMS 0x00000000a0a00000| PB 0x00000000a0a00000| Untracked 
| 523|0x00000000a0b00000, 0x00000000a0b00000, 0x00000000a0c00000|  0%| F|  |TAMS 0x00000000a0b00000| PB 0x00000000a0b00000| Untracked 
| 524|0x00000000a0c00000, 0x00000000a0c00000, 0x00000000a0d00000|  0%| F|  |TAMS 0x00000000a0c00000| PB 0x00000000a0c00000| Untracked 
| 525|0x00000000a0d00000, 0x00000000a0d00000, 0x00000000a0e00000|  0%| F|  |TAMS 0x00000000a0d00000| PB 0x00000000a0d00000| Untracked 
| 526|0x00000000a0e00000, 0x00000000a0e00000, 0x00000000a0f00000|  0%| F|  |TAMS 0x00000000a0e00000| PB 0x00000000a0e00000| Untracked 
| 527|0x00000000a0f00000, 0x00000000a0f00000, 0x00000000a1000000|  0%| F|  |TAMS 0x00000000a0f00000| PB 0x00000000a0f00000| Untracked 
| 528|0x00000000a1000000, 0x00000000a1000000, 0x00000000a1100000|  0%| F|  |TAMS 0x00000000a1000000| PB 0x00000000a1000000| Untracked 
| 529|0x00000000a1100000, 0x00000000a1100000, 0x00000000a1200000|  0%| F|  |TAMS 0x00000000a1100000| PB 0x00000000a1100000| Untracked 
| 530|0x00000000a1200000, 0x00000000a1200000, 0x00000000a1300000|  0%| F|  |TAMS 0x00000000a1200000| PB 0x00000000a1200000| Untracked 
| 531|0x00000000a1300000, 0x00000000a1300000, 0x00000000a1400000|  0%| F|  |TAMS 0x00000000a1300000| PB 0x00000000a1300000| Untracked 
| 532|0x00000000a1400000, 0x00000000a1400000, 0x00000000a1500000|  0%| F|  |TAMS 0x00000000a1400000| PB 0x00000000a1400000| Untracked 
| 533|0x00000000a1500000, 0x00000000a1500000, 0x00000000a1600000|  0%| F|  |TAMS 0x00000000a1500000| PB 0x00000000a1500000| Untracked 
| 534|0x00000000a1600000, 0x00000000a1600000, 0x00000000a1700000|  0%| F|  |TAMS 0x00000000a1600000| PB 0x00000000a1600000| Untracked 
| 535|0x00000000a1700000, 0x00000000a1700000, 0x00000000a1800000|  0%| F|  |TAMS 0x00000000a1700000| PB 0x00000000a1700000| Untracked 
| 536|0x00000000a1800000, 0x00000000a1800000, 0x00000000a1900000|  0%| F|  |TAMS 0x00000000a1800000| PB 0x00000000a1800000| Untracked 
| 537|0x00000000a1900000, 0x00000000a1900000, 0x00000000a1a00000|  0%| F|  |TAMS 0x00000000a1900000| PB 0x00000000a1900000| Untracked 
| 538|0x00000000a1a00000, 0x00000000a1a00000, 0x00000000a1b00000|  0%| F|  |TAMS 0x00000000a1a00000| PB 0x00000000a1a00000| Untracked 
| 539|0x00000000a1b00000, 0x00000000a1b00000, 0x00000000a1c00000|  0%| F|  |TAMS 0x00000000a1b00000| PB 0x00000000a1b00000| Untracked 
| 540|0x00000000a1c00000, 0x00000000a1d00000, 0x00000000a1d00000|100%| S|CS|TAMS 0x00000000a1c00000| PB 0x00000000a1c00000| Complete 
| 541|0x00000000a1d00000, 0x00000000a1e00000, 0x00000000a1e00000|100%| S|CS|TAMS 0x00000000a1d00000| PB 0x00000000a1d00000| Complete 
| 542|0x00000000a1e00000, 0x00000000a1f00000, 0x00000000a1f00000|100%| S|CS|TAMS 0x00000000a1e00000| PB 0x00000000a1e00000| Complete 
| 543|0x00000000a1f00000, 0x00000000a2000000, 0x00000000a2000000|100%| S|CS|TAMS 0x00000000a1f00000| PB 0x00000000a1f00000| Complete 
| 544|0x00000000a2000000, 0x00000000a2100000, 0x00000000a2100000|100%| S|CS|TAMS 0x00000000a2000000| PB 0x00000000a2000000| Complete 
| 545|0x00000000a2100000, 0x00000000a2200000, 0x00000000a2200000|100%| S|CS|TAMS 0x00000000a2100000| PB 0x00000000a2100000| Complete 
| 546|0x00000000a2200000, 0x00000000a2300000, 0x00000000a2300000|100%| S|CS|TAMS 0x00000000a2200000| PB 0x00000000a2200000| Complete 
| 547|0x00000000a2300000, 0x00000000a2400000, 0x00000000a2400000|100%| S|CS|TAMS 0x00000000a2300000| PB 0x00000000a2300000| Complete 
| 548|0x00000000a2400000, 0x00000000a2500000, 0x00000000a2500000|100%| S|CS|TAMS 0x00000000a2400000| PB 0x00000000a2400000| Complete 
| 549|0x00000000a2500000, 0x00000000a2600000, 0x00000000a2600000|100%| S|CS|TAMS 0x00000000a2500000| PB 0x00000000a2500000| Complete 
| 550|0x00000000a2600000, 0x00000000a2700000, 0x00000000a2700000|100%| S|CS|TAMS 0x00000000a2600000| PB 0x00000000a2600000| Complete 
| 551|0x00000000a2700000, 0x00000000a2700000, 0x00000000a2800000|  0%| F|  |TAMS 0x00000000a2700000| PB 0x00000000a2700000| Untracked 
| 552|0x00000000a2800000, 0x00000000a2800000, 0x00000000a2900000|  0%| F|  |TAMS 0x00000000a2800000| PB 0x00000000a2800000| Untracked 
| 553|0x00000000a2900000, 0x00000000a2900000, 0x00000000a2a00000|  0%| F|  |TAMS 0x00000000a2900000| PB 0x00000000a2900000| Untracked 
| 554|0x00000000a2a00000, 0x00000000a2a00000, 0x00000000a2b00000|  0%| F|  |TAMS 0x00000000a2a00000| PB 0x00000000a2a00000| Untracked 
| 555|0x00000000a2b00000, 0x00000000a2b00000, 0x00000000a2c00000|  0%| F|  |TAMS 0x00000000a2b00000| PB 0x00000000a2b00000| Untracked 
| 556|0x00000000a2c00000, 0x00000000a2c00000, 0x00000000a2d00000|  0%| F|  |TAMS 0x00000000a2c00000| PB 0x00000000a2c00000| Untracked 
| 557|0x00000000a2d00000, 0x00000000a2d00000, 0x00000000a2e00000|  0%| F|  |TAMS 0x00000000a2d00000| PB 0x00000000a2d00000| Untracked 
| 558|0x00000000a2e00000, 0x00000000a2e00000, 0x00000000a2f00000|  0%| F|  |TAMS 0x00000000a2e00000| PB 0x00000000a2e00000| Untracked 
| 559|0x00000000a2f00000, 0x00000000a2f00000, 0x00000000a3000000|  0%| F|  |TAMS 0x00000000a2f00000| PB 0x00000000a2f00000| Untracked 
| 560|0x00000000a3000000, 0x00000000a3000000, 0x00000000a3100000|  0%| F|  |TAMS 0x00000000a3000000| PB 0x00000000a3000000| Untracked 
| 561|0x00000000a3100000, 0x00000000a3100000, 0x00000000a3200000|  0%| F|  |TAMS 0x00000000a3100000| PB 0x00000000a3100000| Untracked 
| 562|0x00000000a3200000, 0x00000000a3200000, 0x00000000a3300000|  0%| F|  |TAMS 0x00000000a3200000| PB 0x00000000a3200000| Untracked 
| 563|0x00000000a3300000, 0x00000000a3300000, 0x00000000a3400000|  0%| F|  |TAMS 0x00000000a3300000| PB 0x00000000a3300000| Untracked 
| 564|0x00000000a3400000, 0x00000000a3400000, 0x00000000a3500000|  0%| F|  |TAMS 0x00000000a3400000| PB 0x00000000a3400000| Untracked 
| 565|0x00000000a3500000, 0x00000000a3500000, 0x00000000a3600000|  0%| F|  |TAMS 0x00000000a3500000| PB 0x00000000a3500000| Untracked 
| 566|0x00000000a3600000, 0x00000000a3600000, 0x00000000a3700000|  0%| F|  |TAMS 0x00000000a3600000| PB 0x00000000a3600000| Untracked 
| 567|0x00000000a3700000, 0x00000000a3700000, 0x00000000a3800000|  0%| F|  |TAMS 0x00000000a3700000| PB 0x00000000a3700000| Untracked 
| 568|0x00000000a3800000, 0x00000000a3800000, 0x00000000a3900000|  0%| F|  |TAMS 0x00000000a3800000| PB 0x00000000a3800000| Untracked 
| 569|0x00000000a3900000, 0x00000000a3900000, 0x00000000a3a00000|  0%| F|  |TAMS 0x00000000a3900000| PB 0x00000000a3900000| Untracked 
| 570|0x00000000a3a00000, 0x00000000a3a00000, 0x00000000a3b00000|  0%| F|  |TAMS 0x00000000a3a00000| PB 0x00000000a3a00000| Untracked 
| 571|0x00000000a3b00000, 0x00000000a3b00000, 0x00000000a3c00000|  0%| F|  |TAMS 0x00000000a3b00000| PB 0x00000000a3b00000| Untracked 
| 572|0x00000000a3c00000, 0x00000000a3c00000, 0x00000000a3d00000|  0%| F|  |TAMS 0x00000000a3c00000| PB 0x00000000a3c00000| Untracked 
| 573|0x00000000a3d00000, 0x00000000a3d00000, 0x00000000a3e00000|  0%| F|  |TAMS 0x00000000a3d00000| PB 0x00000000a3d00000| Untracked 
| 574|0x00000000a3e00000, 0x00000000a3e00000, 0x00000000a3f00000|  0%| F|  |TAMS 0x00000000a3e00000| PB 0x00000000a3e00000| Untracked 
| 575|0x00000000a3f00000, 0x00000000a3f00000, 0x00000000a4000000|  0%| F|  |TAMS 0x00000000a3f00000| PB 0x00000000a3f00000| Untracked 
| 576|0x00000000a4000000, 0x00000000a4000000, 0x00000000a4100000|  0%| F|  |TAMS 0x00000000a4000000| PB 0x00000000a4000000| Untracked 
| 577|0x00000000a4100000, 0x00000000a4100000, 0x00000000a4200000|  0%| F|  |TAMS 0x00000000a4100000| PB 0x00000000a4100000| Untracked 
| 578|0x00000000a4200000, 0x00000000a4200000, 0x00000000a4300000|  0%| F|  |TAMS 0x00000000a4200000| PB 0x00000000a4200000| Untracked 
| 579|0x00000000a4300000, 0x00000000a4300000, 0x00000000a4400000|  0%| F|  |TAMS 0x00000000a4300000| PB 0x00000000a4300000| Untracked 
| 580|0x00000000a4400000, 0x00000000a4400000, 0x00000000a4500000|  0%| F|  |TAMS 0x00000000a4400000| PB 0x00000000a4400000| Untracked 
| 581|0x00000000a4500000, 0x00000000a4500000, 0x00000000a4600000|  0%| F|  |TAMS 0x00000000a4500000| PB 0x00000000a4500000| Untracked 
| 582|0x00000000a4600000, 0x00000000a4600000, 0x00000000a4700000|  0%| F|  |TAMS 0x00000000a4600000| PB 0x00000000a4600000| Untracked 
| 583|0x00000000a4700000, 0x00000000a4700000, 0x00000000a4800000|  0%| F|  |TAMS 0x00000000a4700000| PB 0x00000000a4700000| Untracked 
| 584|0x00000000a4800000, 0x00000000a4800000, 0x00000000a4900000|  0%| F|  |TAMS 0x00000000a4800000| PB 0x00000000a4800000| Untracked 
| 585|0x00000000a4900000, 0x00000000a4900000, 0x00000000a4a00000|  0%| F|  |TAMS 0x00000000a4900000| PB 0x00000000a4900000| Untracked 
| 586|0x00000000a4a00000, 0x00000000a4a00000, 0x00000000a4b00000|  0%| F|  |TAMS 0x00000000a4a00000| PB 0x00000000a4a00000| Untracked 
| 587|0x00000000a4b00000, 0x00000000a4c00000, 0x00000000a4c00000|100%| S|CS|TAMS 0x00000000a4b00000| PB 0x00000000a4b00000| Complete 
| 588|0x00000000a4c00000, 0x00000000a4d00000, 0x00000000a4d00000|100%| S|CS|TAMS 0x00000000a4c00000| PB 0x00000000a4c00000| Complete 
| 589|0x00000000a4d00000, 0x00000000a4e00000, 0x00000000a4e00000|100%| S|CS|TAMS 0x00000000a4d00000| PB 0x00000000a4d00000| Complete 
| 590|0x00000000a4e00000, 0x00000000a4f00000, 0x00000000a4f00000|100%| S|CS|TAMS 0x00000000a4e00000| PB 0x00000000a4e00000| Complete 
| 591|0x00000000a4f00000, 0x00000000a5000000, 0x00000000a5000000|100%| S|CS|TAMS 0x00000000a4f00000| PB 0x00000000a4f00000| Complete 
| 592|0x00000000a5000000, 0x00000000a5100000, 0x00000000a5100000|100%| S|CS|TAMS 0x00000000a5000000| PB 0x00000000a5000000| Complete 
| 593|0x00000000a5100000, 0x00000000a5200000, 0x00000000a5200000|100%| S|CS|TAMS 0x00000000a5100000| PB 0x00000000a5100000| Complete 
| 594|0x00000000a5200000, 0x00000000a5300000, 0x00000000a5300000|100%| S|CS|TAMS 0x00000000a5200000| PB 0x00000000a5200000| Complete 
| 595|0x00000000a5300000, 0x00000000a5400000, 0x00000000a5400000|100%| S|CS|TAMS 0x00000000a5300000| PB 0x00000000a5300000| Complete 
| 596|0x00000000a5400000, 0x00000000a5500000, 0x00000000a5500000|100%| S|CS|TAMS 0x00000000a5400000| PB 0x00000000a5400000| Complete 
| 597|0x00000000a5500000, 0x00000000a5600000, 0x00000000a5600000|100%| S|CS|TAMS 0x00000000a5500000| PB 0x00000000a5500000| Complete 
| 598|0x00000000a5600000, 0x00000000a5700000, 0x00000000a5700000|100%| S|CS|TAMS 0x00000000a5600000| PB 0x00000000a5600000| Complete 
| 599|0x00000000a5700000, 0x00000000a5800000, 0x00000000a5800000|100%| S|CS|TAMS 0x00000000a5700000| PB 0x00000000a5700000| Complete 
| 600|0x00000000a5800000, 0x00000000a5900000, 0x00000000a5900000|100%| S|CS|TAMS 0x00000000a5800000| PB 0x00000000a5800000| Complete 
| 601|0x00000000a5900000, 0x00000000a5a00000, 0x00000000a5a00000|100%| S|CS|TAMS 0x00000000a5900000| PB 0x00000000a5900000| Complete 
| 602|0x00000000a5a00000, 0x00000000a5b00000, 0x00000000a5b00000|100%| S|CS|TAMS 0x00000000a5a00000| PB 0x00000000a5a00000| Complete 
| 603|0x00000000a5b00000, 0x00000000a5c00000, 0x00000000a5c00000|100%| S|CS|TAMS 0x00000000a5b00000| PB 0x00000000a5b00000| Complete 
| 604|0x00000000a5c00000, 0x00000000a5d00000, 0x00000000a5d00000|100%| S|CS|TAMS 0x00000000a5c00000| PB 0x00000000a5c00000| Complete 
| 605|0x00000000a5d00000, 0x00000000a5e00000, 0x00000000a5e00000|100%| S|CS|TAMS 0x00000000a5d00000| PB 0x00000000a5d00000| Complete 
| 606|0x00000000a5e00000, 0x00000000a5f00000, 0x00000000a5f00000|100%| S|CS|TAMS 0x00000000a5e00000| PB 0x00000000a5e00000| Complete 
| 607|0x00000000a5f00000, 0x00000000a6000000, 0x00000000a6000000|100%| S|CS|TAMS 0x00000000a5f00000| PB 0x00000000a5f00000| Complete 
| 608|0x00000000a6000000, 0x00000000a6100000, 0x00000000a6100000|100%| S|CS|TAMS 0x00000000a6000000| PB 0x00000000a6000000| Complete 
| 609|0x00000000a6100000, 0x00000000a6100000, 0x00000000a6200000|  0%| F|  |TAMS 0x00000000a6100000| PB 0x00000000a6100000| Untracked 
| 610|0x00000000a6200000, 0x00000000a6200000, 0x00000000a6300000|  0%| F|  |TAMS 0x00000000a6200000| PB 0x00000000a6200000| Untracked 
| 611|0x00000000a6300000, 0x00000000a6300000, 0x00000000a6400000|  0%| F|  |TAMS 0x00000000a6300000| PB 0x00000000a6300000| Untracked 
| 612|0x00000000a6400000, 0x00000000a6400000, 0x00000000a6500000|  0%| F|  |TAMS 0x00000000a6400000| PB 0x00000000a6400000| Untracked 
| 613|0x00000000a6500000, 0x00000000a6500000, 0x00000000a6600000|  0%| F|  |TAMS 0x00000000a6500000| PB 0x00000000a6500000| Untracked 
| 614|0x00000000a6600000, 0x00000000a6600000, 0x00000000a6700000|  0%| F|  |TAMS 0x00000000a6600000| PB 0x00000000a6600000| Untracked 
| 615|0x00000000a6700000, 0x00000000a6700000, 0x00000000a6800000|  0%| F|  |TAMS 0x00000000a6700000| PB 0x00000000a6700000| Untracked 
| 616|0x00000000a6800000, 0x00000000a6800000, 0x00000000a6900000|  0%| F|  |TAMS 0x00000000a6800000| PB 0x00000000a6800000| Untracked 
| 617|0x00000000a6900000, 0x00000000a6900000, 0x00000000a6a00000|  0%| F|  |TAMS 0x00000000a6900000| PB 0x00000000a6900000| Untracked 
| 618|0x00000000a6a00000, 0x00000000a6a00000, 0x00000000a6b00000|  0%| F|  |TAMS 0x00000000a6a00000| PB 0x00000000a6a00000| Untracked 
| 619|0x00000000a6b00000, 0x00000000a6b00000, 0x00000000a6c00000|  0%| F|  |TAMS 0x00000000a6b00000| PB 0x00000000a6b00000| Untracked 
| 620|0x00000000a6c00000, 0x00000000a6c00000, 0x00000000a6d00000|  0%| F|  |TAMS 0x00000000a6c00000| PB 0x00000000a6c00000| Untracked 
| 621|0x00000000a6d00000, 0x00000000a6d00000, 0x00000000a6e00000|  0%| F|  |TAMS 0x00000000a6d00000| PB 0x00000000a6d00000| Untracked 
| 622|0x00000000a6e00000, 0x00000000a6e00000, 0x00000000a6f00000|  0%| F|  |TAMS 0x00000000a6e00000| PB 0x00000000a6e00000| Untracked 
| 623|0x00000000a6f00000, 0x00000000a6f00000, 0x00000000a7000000|  0%| F|  |TAMS 0x00000000a6f00000| PB 0x00000000a6f00000| Untracked 
| 624|0x00000000a7000000, 0x00000000a7000000, 0x00000000a7100000|  0%| F|  |TAMS 0x00000000a7000000| PB 0x00000000a7000000| Untracked 
| 625|0x00000000a7100000, 0x00000000a7100000, 0x00000000a7200000|  0%| F|  |TAMS 0x00000000a7100000| PB 0x00000000a7100000| Untracked 
| 626|0x00000000a7200000, 0x00000000a7200000, 0x00000000a7300000|  0%| F|  |TAMS 0x00000000a7200000| PB 0x00000000a7200000| Untracked 
| 627|0x00000000a7300000, 0x00000000a7300000, 0x00000000a7400000|  0%| F|  |TAMS 0x00000000a7300000| PB 0x00000000a7300000| Untracked 
| 628|0x00000000a7400000, 0x00000000a7400000, 0x00000000a7500000|  0%| F|  |TAMS 0x00000000a7400000| PB 0x00000000a7400000| Untracked 
| 629|0x00000000a7500000, 0x00000000a7500000, 0x00000000a7600000|  0%| F|  |TAMS 0x00000000a7500000| PB 0x00000000a7500000| Untracked 
| 630|0x00000000a7600000, 0x00000000a7600000, 0x00000000a7700000|  0%| F|  |TAMS 0x00000000a7600000| PB 0x00000000a7600000| Untracked 
| 631|0x00000000a7700000, 0x00000000a7700000, 0x00000000a7800000|  0%| F|  |TAMS 0x00000000a7700000| PB 0x00000000a7700000| Untracked 
| 632|0x00000000a7800000, 0x00000000a7800000, 0x00000000a7900000|  0%| F|  |TAMS 0x00000000a7800000| PB 0x00000000a7800000| Untracked 
| 633|0x00000000a7900000, 0x00000000a7900000, 0x00000000a7a00000|  0%| F|  |TAMS 0x00000000a7900000| PB 0x00000000a7900000| Untracked 
| 634|0x00000000a7a00000, 0x00000000a7a00000, 0x00000000a7b00000|  0%| F|  |TAMS 0x00000000a7a00000| PB 0x00000000a7a00000| Untracked 
| 635|0x00000000a7b00000, 0x00000000a7b00000, 0x00000000a7c00000|  0%| F|  |TAMS 0x00000000a7b00000| PB 0x00000000a7b00000| Untracked 
| 636|0x00000000a7c00000, 0x00000000a7c00000, 0x00000000a7d00000|  0%| F|  |TAMS 0x00000000a7c00000| PB 0x00000000a7c00000| Untracked 
| 637|0x00000000a7d00000, 0x00000000a7d00000, 0x00000000a7e00000|  0%| F|  |TAMS 0x00000000a7d00000| PB 0x00000000a7d00000| Untracked 
| 638|0x00000000a7e00000, 0x00000000a7e00000, 0x00000000a7f00000|  0%| F|  |TAMS 0x00000000a7e00000| PB 0x00000000a7e00000| Untracked 
| 639|0x00000000a7f00000, 0x00000000a7f00000, 0x00000000a8000000|  0%| F|  |TAMS 0x00000000a7f00000| PB 0x00000000a7f00000| Untracked 
| 640|0x00000000a8000000, 0x00000000a8000000, 0x00000000a8100000|  0%| F|  |TAMS 0x00000000a8000000| PB 0x00000000a8000000| Untracked 
| 641|0x00000000a8100000, 0x00000000a8100000, 0x00000000a8200000|  0%| F|  |TAMS 0x00000000a8100000| PB 0x00000000a8100000| Untracked 
| 642|0x00000000a8200000, 0x00000000a8200000, 0x00000000a8300000|  0%| F|  |TAMS 0x00000000a8200000| PB 0x00000000a8200000| Untracked 
| 643|0x00000000a8300000, 0x00000000a8300000, 0x00000000a8400000|  0%| F|  |TAMS 0x00000000a8300000| PB 0x00000000a8300000| Untracked 
| 644|0x00000000a8400000, 0x00000000a8400000, 0x00000000a8500000|  0%| F|  |TAMS 0x00000000a8400000| PB 0x00000000a8400000| Untracked 
| 645|0x00000000a8500000, 0x00000000a8500000, 0x00000000a8600000|  0%| F|  |TAMS 0x00000000a8500000| PB 0x00000000a8500000| Untracked 
| 646|0x00000000a8600000, 0x00000000a8600000, 0x00000000a8700000|  0%| F|  |TAMS 0x00000000a8600000| PB 0x00000000a8600000| Untracked 
| 647|0x00000000a8700000, 0x00000000a8700000, 0x00000000a8800000|  0%| F|  |TAMS 0x00000000a8700000| PB 0x00000000a8700000| Untracked 
| 648|0x00000000a8800000, 0x00000000a8800000, 0x00000000a8900000|  0%| F|  |TAMS 0x00000000a8800000| PB 0x00000000a8800000| Untracked 
| 649|0x00000000a8900000, 0x00000000a8900000, 0x00000000a8a00000|  0%| F|  |TAMS 0x00000000a8900000| PB 0x00000000a8900000| Untracked 
| 650|0x00000000a8a00000, 0x00000000a8a00000, 0x00000000a8b00000|  0%| F|  |TAMS 0x00000000a8a00000| PB 0x00000000a8a00000| Untracked 
| 651|0x00000000a8b00000, 0x00000000a8b00000, 0x00000000a8c00000|  0%| F|  |TAMS 0x00000000a8b00000| PB 0x00000000a8b00000| Untracked 
| 652|0x00000000a8c00000, 0x00000000a8c00000, 0x00000000a8d00000|  0%| F|  |TAMS 0x00000000a8c00000| PB 0x00000000a8c00000| Untracked 
| 653|0x00000000a8d00000, 0x00000000a8d00000, 0x00000000a8e00000|  0%| F|  |TAMS 0x00000000a8d00000| PB 0x00000000a8d00000| Untracked 
| 654|0x00000000a8e00000, 0x00000000a8e00000, 0x00000000a8f00000|  0%| F|  |TAMS 0x00000000a8e00000| PB 0x00000000a8e00000| Untracked 
| 655|0x00000000a8f00000, 0x00000000a8f00000, 0x00000000a9000000|  0%| F|  |TAMS 0x00000000a8f00000| PB 0x00000000a8f00000| Untracked 
| 656|0x00000000a9000000, 0x00000000a9000000, 0x00000000a9100000|  0%| F|  |TAMS 0x00000000a9000000| PB 0x00000000a9000000| Untracked 
| 657|0x00000000a9100000, 0x00000000a9100000, 0x00000000a9200000|  0%| F|  |TAMS 0x00000000a9100000| PB 0x00000000a9100000| Untracked 
| 658|0x00000000a9200000, 0x00000000a9200000, 0x00000000a9300000|  0%| F|  |TAMS 0x00000000a9200000| PB 0x00000000a9200000| Untracked 
| 659|0x00000000a9300000, 0x00000000a9300000, 0x00000000a9400000|  0%| F|  |TAMS 0x00000000a9300000| PB 0x00000000a9300000| Untracked 
| 660|0x00000000a9400000, 0x00000000a9400000, 0x00000000a9500000|  0%| F|  |TAMS 0x00000000a9400000| PB 0x00000000a9400000| Untracked 
| 661|0x00000000a9500000, 0x00000000a9500000, 0x00000000a9600000|  0%| F|  |TAMS 0x00000000a9500000| PB 0x00000000a9500000| Untracked 
| 662|0x00000000a9600000, 0x00000000a9600000, 0x00000000a9700000|  0%| F|  |TAMS 0x00000000a9600000| PB 0x00000000a9600000| Untracked 
| 663|0x00000000a9700000, 0x00000000a9700000, 0x00000000a9800000|  0%| F|  |TAMS 0x00000000a9700000| PB 0x00000000a9700000| Untracked 
| 664|0x00000000a9800000, 0x00000000a9800000, 0x00000000a9900000|  0%| F|  |TAMS 0x00000000a9800000| PB 0x00000000a9800000| Untracked 
| 665|0x00000000a9900000, 0x00000000a9900000, 0x00000000a9a00000|  0%| F|  |TAMS 0x00000000a9900000| PB 0x00000000a9900000| Untracked 
| 666|0x00000000a9a00000, 0x00000000a9a00000, 0x00000000a9b00000|  0%| F|  |TAMS 0x00000000a9a00000| PB 0x00000000a9a00000| Untracked 
| 667|0x00000000a9b00000, 0x00000000a9b00000, 0x00000000a9c00000|  0%| F|  |TAMS 0x00000000a9b00000| PB 0x00000000a9b00000| Untracked 
| 668|0x00000000a9c00000, 0x00000000a9c00000, 0x00000000a9d00000|  0%| F|  |TAMS 0x00000000a9c00000| PB 0x00000000a9c00000| Untracked 
| 669|0x00000000a9d00000, 0x00000000a9d00000, 0x00000000a9e00000|  0%| F|  |TAMS 0x00000000a9d00000| PB 0x00000000a9d00000| Untracked 
| 670|0x00000000a9e00000, 0x00000000a9e00000, 0x00000000a9f00000|  0%| F|  |TAMS 0x00000000a9e00000| PB 0x00000000a9e00000| Untracked 
| 671|0x00000000a9f00000, 0x00000000a9f00000, 0x00000000aa000000|  0%| F|  |TAMS 0x00000000a9f00000| PB 0x00000000a9f00000| Untracked 
| 672|0x00000000aa000000, 0x00000000aa000000, 0x00000000aa100000|  0%| F|  |TAMS 0x00000000aa000000| PB 0x00000000aa000000| Untracked 
| 673|0x00000000aa100000, 0x00000000aa100000, 0x00000000aa200000|  0%| F|  |TAMS 0x00000000aa100000| PB 0x00000000aa100000| Untracked 
| 674|0x00000000aa200000, 0x00000000aa200000, 0x00000000aa300000|  0%| F|  |TAMS 0x00000000aa200000| PB 0x00000000aa200000| Untracked 
| 675|0x00000000aa300000, 0x00000000aa300000, 0x00000000aa400000|  0%| F|  |TAMS 0x00000000aa300000| PB 0x00000000aa300000| Untracked 
| 676|0x00000000aa400000, 0x00000000aa400000, 0x00000000aa500000|  0%| F|  |TAMS 0x00000000aa400000| PB 0x00000000aa400000| Untracked 
| 677|0x00000000aa500000, 0x00000000aa500000, 0x00000000aa600000|  0%| F|  |TAMS 0x00000000aa500000| PB 0x00000000aa500000| Untracked 
| 678|0x00000000aa600000, 0x00000000aa600000, 0x00000000aa700000|  0%| F|  |TAMS 0x00000000aa600000| PB 0x00000000aa600000| Untracked 
| 679|0x00000000aa700000, 0x00000000aa700000, 0x00000000aa800000|  0%| F|  |TAMS 0x00000000aa700000| PB 0x00000000aa700000| Untracked 
| 680|0x00000000aa800000, 0x00000000aa800000, 0x00000000aa900000|  0%| F|  |TAMS 0x00000000aa800000| PB 0x00000000aa800000| Untracked 
| 681|0x00000000aa900000, 0x00000000aa900000, 0x00000000aaa00000|  0%| F|  |TAMS 0x00000000aa900000| PB 0x00000000aa900000| Untracked 
| 682|0x00000000aaa00000, 0x00000000aaa00000, 0x00000000aab00000|  0%| F|  |TAMS 0x00000000aaa00000| PB 0x00000000aaa00000| Untracked 
| 683|0x00000000aab00000, 0x00000000aac00000, 0x00000000aac00000|100%| E|  |TAMS 0x00000000aab00000| PB 0x00000000aab00000| Complete 
| 684|0x00000000aac00000, 0x00000000aad00000, 0x00000000aad00000|100%| E|CS|TAMS 0x00000000aac00000| PB 0x00000000aac00000| Complete 
| 685|0x00000000aad00000, 0x00000000aae00000, 0x00000000aae00000|100%| E|CS|TAMS 0x00000000aad00000| PB 0x00000000aad00000| Complete 
| 686|0x00000000aae00000, 0x00000000aaf00000, 0x00000000aaf00000|100%| E|CS|TAMS 0x00000000aae00000| PB 0x00000000aae00000| Complete 
| 687|0x00000000aaf00000, 0x00000000ab000000, 0x00000000ab000000|100%| E|CS|TAMS 0x00000000aaf00000| PB 0x00000000aaf00000| Complete 
| 688|0x00000000ab000000, 0x00000000ab100000, 0x00000000ab100000|100%| E|CS|TAMS 0x00000000ab000000| PB 0x00000000ab000000| Complete 
| 689|0x00000000ab100000, 0x00000000ab200000, 0x00000000ab200000|100%| E|CS|TAMS 0x00000000ab100000| PB 0x00000000ab100000| Complete 
| 690|0x00000000ab200000, 0x00000000ab300000, 0x00000000ab300000|100%| E|CS|TAMS 0x00000000ab200000| PB 0x00000000ab200000| Complete 
| 691|0x00000000ab300000, 0x00000000ab400000, 0x00000000ab400000|100%| E|CS|TAMS 0x00000000ab300000| PB 0x00000000ab300000| Complete 
| 692|0x00000000ab400000, 0x00000000ab500000, 0x00000000ab500000|100%| E|CS|TAMS 0x00000000ab400000| PB 0x00000000ab400000| Complete 
| 693|0x00000000ab500000, 0x00000000ab600000, 0x00000000ab600000|100%| E|CS|TAMS 0x00000000ab500000| PB 0x00000000ab500000| Complete 
| 694|0x00000000ab600000, 0x00000000ab700000, 0x00000000ab700000|100%| E|CS|TAMS 0x00000000ab600000| PB 0x00000000ab600000| Complete 
| 695|0x00000000ab700000, 0x00000000ab800000, 0x00000000ab800000|100%| E|CS|TAMS 0x00000000ab700000| PB 0x00000000ab700000| Complete 
| 696|0x00000000ab800000, 0x00000000ab900000, 0x00000000ab900000|100%| E|CS|TAMS 0x00000000ab800000| PB 0x00000000ab800000| Complete 
| 697|0x00000000ab900000, 0x00000000aba00000, 0x00000000aba00000|100%| E|CS|TAMS 0x00000000ab900000| PB 0x00000000ab900000| Complete 
| 698|0x00000000aba00000, 0x00000000abb00000, 0x00000000abb00000|100%| E|CS|TAMS 0x00000000aba00000| PB 0x00000000aba00000| Complete 
| 699|0x00000000abb00000, 0x00000000abc00000, 0x00000000abc00000|100%| E|CS|TAMS 0x00000000abb00000| PB 0x00000000abb00000| Complete 
| 700|0x00000000abc00000, 0x00000000abd00000, 0x00000000abd00000|100%| E|CS|TAMS 0x00000000abc00000| PB 0x00000000abc00000| Complete 
| 701|0x00000000abd00000, 0x00000000abe00000, 0x00000000abe00000|100%| E|CS|TAMS 0x00000000abd00000| PB 0x00000000abd00000| Complete 
| 702|0x00000000abe00000, 0x00000000abf00000, 0x00000000abf00000|100%| E|CS|TAMS 0x00000000abe00000| PB 0x00000000abe00000| Complete 
| 703|0x00000000abf00000, 0x00000000ac000000, 0x00000000ac000000|100%| E|CS|TAMS 0x00000000abf00000| PB 0x00000000abf00000| Complete 
| 704|0x00000000ac000000, 0x00000000ac100000, 0x00000000ac100000|100%| E|CS|TAMS 0x00000000ac000000| PB 0x00000000ac000000| Complete 
| 705|0x00000000ac100000, 0x00000000ac200000, 0x00000000ac200000|100%| E|CS|TAMS 0x00000000ac100000| PB 0x00000000ac100000| Complete 
| 706|0x00000000ac200000, 0x00000000ac300000, 0x00000000ac300000|100%| E|CS|TAMS 0x00000000ac200000| PB 0x00000000ac200000| Complete 
| 707|0x00000000ac300000, 0x00000000ac400000, 0x00000000ac400000|100%| E|CS|TAMS 0x00000000ac300000| PB 0x00000000ac300000| Complete 
| 708|0x00000000ac400000, 0x00000000ac500000, 0x00000000ac500000|100%| E|CS|TAMS 0x00000000ac400000| PB 0x00000000ac400000| Complete 
| 709|0x00000000ac500000, 0x00000000ac600000, 0x00000000ac600000|100%| E|CS|TAMS 0x00000000ac500000| PB 0x00000000ac500000| Complete 
| 710|0x00000000ac600000, 0x00000000ac700000, 0x00000000ac700000|100%| E|CS|TAMS 0x00000000ac600000| PB 0x00000000ac600000| Complete 
| 711|0x00000000ac700000, 0x00000000ac800000, 0x00000000ac800000|100%| E|CS|TAMS 0x00000000ac700000| PB 0x00000000ac700000| Complete 
| 712|0x00000000ac800000, 0x00000000ac900000, 0x00000000ac900000|100%| E|CS|TAMS 0x00000000ac800000| PB 0x00000000ac800000| Complete 
| 713|0x00000000ac900000, 0x00000000aca00000, 0x00000000aca00000|100%| E|CS|TAMS 0x00000000ac900000| PB 0x00000000ac900000| Complete 
| 714|0x00000000aca00000, 0x00000000acb00000, 0x00000000acb00000|100%| E|CS|TAMS 0x00000000aca00000| PB 0x00000000aca00000| Complete 
| 715|0x00000000acb00000, 0x00000000acc00000, 0x00000000acc00000|100%| E|CS|TAMS 0x00000000acb00000| PB 0x00000000acb00000| Complete 
| 716|0x00000000acc00000, 0x00000000acd00000, 0x00000000acd00000|100%| E|CS|TAMS 0x00000000acc00000| PB 0x00000000acc00000| Complete 
| 717|0x00000000acd00000, 0x00000000ace00000, 0x00000000ace00000|100%| E|CS|TAMS 0x00000000acd00000| PB 0x00000000acd00000| Complete 
| 718|0x00000000ace00000, 0x00000000acf00000, 0x00000000acf00000|100%| E|CS|TAMS 0x00000000ace00000| PB 0x00000000ace00000| Complete 
| 719|0x00000000acf00000, 0x00000000ad000000, 0x00000000ad000000|100%| E|CS|TAMS 0x00000000acf00000| PB 0x00000000acf00000| Complete 
| 720|0x00000000ad000000, 0x00000000ad100000, 0x00000000ad100000|100%| E|CS|TAMS 0x00000000ad000000| PB 0x00000000ad000000| Complete 
| 721|0x00000000ad100000, 0x00000000ad200000, 0x00000000ad200000|100%| E|CS|TAMS 0x00000000ad100000| PB 0x00000000ad100000| Complete 
| 722|0x00000000ad200000, 0x00000000ad300000, 0x00000000ad300000|100%| E|CS|TAMS 0x00000000ad200000| PB 0x00000000ad200000| Complete 
| 723|0x00000000ad300000, 0x00000000ad400000, 0x00000000ad400000|100%| E|CS|TAMS 0x00000000ad300000| PB 0x00000000ad300000| Complete 
| 724|0x00000000ad400000, 0x00000000ad500000, 0x00000000ad500000|100%| E|CS|TAMS 0x00000000ad400000| PB 0x00000000ad400000| Complete 
| 725|0x00000000ad500000, 0x00000000ad600000, 0x00000000ad600000|100%| E|CS|TAMS 0x00000000ad500000| PB 0x00000000ad500000| Complete 
| 726|0x00000000ad600000, 0x00000000ad700000, 0x00000000ad700000|100%| E|CS|TAMS 0x00000000ad600000| PB 0x00000000ad600000| Complete 
| 727|0x00000000ad700000, 0x00000000ad800000, 0x00000000ad800000|100%| E|CS|TAMS 0x00000000ad700000| PB 0x00000000ad700000| Complete 
| 728|0x00000000ad800000, 0x00000000ad900000, 0x00000000ad900000|100%| E|CS|TAMS 0x00000000ad800000| PB 0x00000000ad800000| Complete 
| 729|0x00000000ad900000, 0x00000000ada00000, 0x00000000ada00000|100%| E|CS|TAMS 0x00000000ad900000| PB 0x00000000ad900000| Complete 
| 730|0x00000000ada00000, 0x00000000adb00000, 0x00000000adb00000|100%| E|CS|TAMS 0x00000000ada00000| PB 0x00000000ada00000| Complete 
| 731|0x00000000adb00000, 0x00000000adc00000, 0x00000000adc00000|100%| E|CS|TAMS 0x00000000adb00000| PB 0x00000000adb00000| Complete 
| 732|0x00000000adc00000, 0x00000000add00000, 0x00000000add00000|100%| E|CS|TAMS 0x00000000adc00000| PB 0x00000000adc00000| Complete 
| 733|0x00000000add00000, 0x00000000ade00000, 0x00000000ade00000|100%| E|CS|TAMS 0x00000000add00000| PB 0x00000000add00000| Complete 
| 734|0x00000000ade00000, 0x00000000adf00000, 0x00000000adf00000|100%| E|CS|TAMS 0x00000000ade00000| PB 0x00000000ade00000| Complete 
| 735|0x00000000adf00000, 0x00000000ae000000, 0x00000000ae000000|100%| E|CS|TAMS 0x00000000adf00000| PB 0x00000000adf00000| Complete 
| 736|0x00000000ae000000, 0x00000000ae100000, 0x00000000ae100000|100%| E|CS|TAMS 0x00000000ae000000| PB 0x00000000ae000000| Complete 
| 737|0x00000000ae100000, 0x00000000ae200000, 0x00000000ae200000|100%| E|CS|TAMS 0x00000000ae100000| PB 0x00000000ae100000| Complete 
| 738|0x00000000ae200000, 0x00000000ae300000, 0x00000000ae300000|100%| E|CS|TAMS 0x00000000ae200000| PB 0x00000000ae200000| Complete 
| 739|0x00000000ae300000, 0x00000000ae400000, 0x00000000ae400000|100%| E|CS|TAMS 0x00000000ae300000| PB 0x00000000ae300000| Complete 
| 740|0x00000000ae400000, 0x00000000ae500000, 0x00000000ae500000|100%| E|CS|TAMS 0x00000000ae400000| PB 0x00000000ae400000| Complete 
| 741|0x00000000ae500000, 0x00000000ae600000, 0x00000000ae600000|100%| E|CS|TAMS 0x00000000ae500000| PB 0x00000000ae500000| Complete 
| 742|0x00000000ae600000, 0x00000000ae700000, 0x00000000ae700000|100%| E|CS|TAMS 0x00000000ae600000| PB 0x00000000ae600000| Complete 
| 743|0x00000000ae700000, 0x00000000ae800000, 0x00000000ae800000|100%| E|CS|TAMS 0x00000000ae700000| PB 0x00000000ae700000| Complete 
| 744|0x00000000ae800000, 0x00000000ae900000, 0x00000000ae900000|100%| E|CS|TAMS 0x00000000ae800000| PB 0x00000000ae800000| Complete 
| 745|0x00000000ae900000, 0x00000000aea00000, 0x00000000aea00000|100%| E|CS|TAMS 0x00000000ae900000| PB 0x00000000ae900000| Complete 
| 746|0x00000000aea00000, 0x00000000aeb00000, 0x00000000aeb00000|100%| E|CS|TAMS 0x00000000aea00000| PB 0x00000000aea00000| Complete 
| 747|0x00000000aeb00000, 0x00000000aec00000, 0x00000000aec00000|100%| E|CS|TAMS 0x00000000aeb00000| PB 0x00000000aeb00000| Complete 
| 748|0x00000000aec00000, 0x00000000aed00000, 0x00000000aed00000|100%| E|CS|TAMS 0x00000000aec00000| PB 0x00000000aec00000| Complete 
| 749|0x00000000aed00000, 0x00000000aee00000, 0x00000000aee00000|100%| E|CS|TAMS 0x00000000aed00000| PB 0x00000000aed00000| Complete 
| 750|0x00000000aee00000, 0x00000000aef00000, 0x00000000aef00000|100%| E|CS|TAMS 0x00000000aee00000| PB 0x00000000aee00000| Complete 
| 751|0x00000000aef00000, 0x00000000af000000, 0x00000000af000000|100%| E|CS|TAMS 0x00000000aef00000| PB 0x00000000aef00000| Complete 
| 752|0x00000000af000000, 0x00000000af100000, 0x00000000af100000|100%| E|CS|TAMS 0x00000000af000000| PB 0x00000000af000000| Complete 
| 753|0x00000000af100000, 0x00000000af200000, 0x00000000af200000|100%| E|CS|TAMS 0x00000000af100000| PB 0x00000000af100000| Complete 
| 754|0x00000000af200000, 0x00000000af300000, 0x00000000af300000|100%| E|CS|TAMS 0x00000000af200000| PB 0x00000000af200000| Complete 
| 755|0x00000000af300000, 0x00000000af400000, 0x00000000af400000|100%| E|CS|TAMS 0x00000000af300000| PB 0x00000000af300000| Complete 
| 756|0x00000000af400000, 0x00000000af500000, 0x00000000af500000|100%| E|CS|TAMS 0x00000000af400000| PB 0x00000000af400000| Complete 
| 757|0x00000000af500000, 0x00000000af600000, 0x00000000af600000|100%| E|CS|TAMS 0x00000000af500000| PB 0x00000000af500000| Complete 
| 758|0x00000000af600000, 0x00000000af700000, 0x00000000af700000|100%| E|CS|TAMS 0x00000000af600000| PB 0x00000000af600000| Complete 
| 759|0x00000000af700000, 0x00000000af800000, 0x00000000af800000|100%| E|CS|TAMS 0x00000000af700000| PB 0x00000000af700000| Complete 
| 760|0x00000000af800000, 0x00000000af900000, 0x00000000af900000|100%| E|CS|TAMS 0x00000000af800000| PB 0x00000000af800000| Complete 
| 761|0x00000000af900000, 0x00000000afa00000, 0x00000000afa00000|100%| E|CS|TAMS 0x00000000af900000| PB 0x00000000af900000| Complete 
| 762|0x00000000afa00000, 0x00000000afb00000, 0x00000000afb00000|100%| E|CS|TAMS 0x00000000afa00000| PB 0x00000000afa00000| Complete 
| 763|0x00000000afb00000, 0x00000000afc00000, 0x00000000afc00000|100%| E|CS|TAMS 0x00000000afb00000| PB 0x00000000afb00000| Complete 
| 764|0x00000000afc00000, 0x00000000afd00000, 0x00000000afd00000|100%| E|CS|TAMS 0x00000000afc00000| PB 0x00000000afc00000| Complete 
| 765|0x00000000afd00000, 0x00000000afe00000, 0x00000000afe00000|100%| E|CS|TAMS 0x00000000afd00000| PB 0x00000000afd00000| Complete 
| 766|0x00000000afe00000, 0x00000000aff00000, 0x00000000aff00000|100%| E|CS|TAMS 0x00000000afe00000| PB 0x00000000afe00000| Complete 
| 767|0x00000000aff00000, 0x00000000b0000000, 0x00000000b0000000|100%| E|CS|TAMS 0x00000000aff00000| PB 0x00000000aff00000| Complete 
| 768|0x00000000b0000000, 0x00000000b0100000, 0x00000000b0100000|100%| E|CS|TAMS 0x00000000b0000000| PB 0x00000000b0000000| Complete 
| 769|0x00000000b0100000, 0x00000000b0200000, 0x00000000b0200000|100%| E|CS|TAMS 0x00000000b0100000| PB 0x00000000b0100000| Complete 
| 770|0x00000000b0200000, 0x00000000b0300000, 0x00000000b0300000|100%| E|CS|TAMS 0x00000000b0200000| PB 0x00000000b0200000| Complete 
| 771|0x00000000b0300000, 0x00000000b0400000, 0x00000000b0400000|100%| E|CS|TAMS 0x00000000b0300000| PB 0x00000000b0300000| Complete 
| 772|0x00000000b0400000, 0x00000000b0500000, 0x00000000b0500000|100%| E|CS|TAMS 0x00000000b0400000| PB 0x00000000b0400000| Complete 
| 773|0x00000000b0500000, 0x00000000b0600000, 0x00000000b0600000|100%| E|CS|TAMS 0x00000000b0500000| PB 0x00000000b0500000| Complete 
| 774|0x00000000b0600000, 0x00000000b0700000, 0x00000000b0700000|100%| E|CS|TAMS 0x00000000b0600000| PB 0x00000000b0600000| Complete 
| 775|0x00000000b0700000, 0x00000000b0800000, 0x00000000b0800000|100%| E|CS|TAMS 0x00000000b0700000| PB 0x00000000b0700000| Complete 
| 776|0x00000000b0800000, 0x00000000b0900000, 0x00000000b0900000|100%| E|CS|TAMS 0x00000000b0800000| PB 0x00000000b0800000| Complete 
| 777|0x00000000b0900000, 0x00000000b0a00000, 0x00000000b0a00000|100%| E|CS|TAMS 0x00000000b0900000| PB 0x00000000b0900000| Complete 
| 778|0x00000000b0a00000, 0x00000000b0b00000, 0x00000000b0b00000|100%| E|CS|TAMS 0x00000000b0a00000| PB 0x00000000b0a00000| Complete 
| 779|0x00000000b0b00000, 0x00000000b0c00000, 0x00000000b0c00000|100%| E|CS|TAMS 0x00000000b0b00000| PB 0x00000000b0b00000| Complete 
| 780|0x00000000b0c00000, 0x00000000b0d00000, 0x00000000b0d00000|100%| E|CS|TAMS 0x00000000b0c00000| PB 0x00000000b0c00000| Complete 
| 781|0x00000000b0d00000, 0x00000000b0e00000, 0x00000000b0e00000|100%| E|CS|TAMS 0x00000000b0d00000| PB 0x00000000b0d00000| Complete 
| 782|0x00000000b0e00000, 0x00000000b0f00000, 0x00000000b0f00000|100%| E|CS|TAMS 0x00000000b0e00000| PB 0x00000000b0e00000| Complete 
| 783|0x00000000b0f00000, 0x00000000b1000000, 0x00000000b1000000|100%| E|CS|TAMS 0x00000000b0f00000| PB 0x00000000b0f00000| Complete 
| 784|0x00000000b1000000, 0x00000000b1100000, 0x00000000b1100000|100%| E|CS|TAMS 0x00000000b1000000| PB 0x00000000b1000000| Complete 
| 785|0x00000000b1100000, 0x00000000b1200000, 0x00000000b1200000|100%| E|CS|TAMS 0x00000000b1100000| PB 0x00000000b1100000| Complete 
| 786|0x00000000b1200000, 0x00000000b1300000, 0x00000000b1300000|100%| E|CS|TAMS 0x00000000b1200000| PB 0x00000000b1200000| Complete 
| 787|0x00000000b1300000, 0x00000000b1400000, 0x00000000b1400000|100%| E|CS|TAMS 0x00000000b1300000| PB 0x00000000b1300000| Complete 
| 788|0x00000000b1400000, 0x00000000b1500000, 0x00000000b1500000|100%| E|CS|TAMS 0x00000000b1400000| PB 0x00000000b1400000| Complete 
| 789|0x00000000b1500000, 0x00000000b1600000, 0x00000000b1600000|100%| E|CS|TAMS 0x00000000b1500000| PB 0x00000000b1500000| Complete 
| 790|0x00000000b1600000, 0x00000000b1700000, 0x00000000b1700000|100%| E|CS|TAMS 0x00000000b1600000| PB 0x00000000b1600000| Complete 
| 791|0x00000000b1700000, 0x00000000b1800000, 0x00000000b1800000|100%| E|CS|TAMS 0x00000000b1700000| PB 0x00000000b1700000| Complete 
| 792|0x00000000b1800000, 0x00000000b1900000, 0x00000000b1900000|100%| E|CS|TAMS 0x00000000b1800000| PB 0x00000000b1800000| Complete 
| 793|0x00000000b1900000, 0x00000000b1a00000, 0x00000000b1a00000|100%| E|CS|TAMS 0x00000000b1900000| PB 0x00000000b1900000| Complete 
| 794|0x00000000b1a00000, 0x00000000b1b00000, 0x00000000b1b00000|100%| E|CS|TAMS 0x00000000b1a00000| PB 0x00000000b1a00000| Complete 
| 795|0x00000000b1b00000, 0x00000000b1c00000, 0x00000000b1c00000|100%| E|CS|TAMS 0x00000000b1b00000| PB 0x00000000b1b00000| Complete 
| 796|0x00000000b1c00000, 0x00000000b1d00000, 0x00000000b1d00000|100%| E|CS|TAMS 0x00000000b1c00000| PB 0x00000000b1c00000| Complete 
| 797|0x00000000b1d00000, 0x00000000b1e00000, 0x00000000b1e00000|100%| E|CS|TAMS 0x00000000b1d00000| PB 0x00000000b1d00000| Complete 
| 798|0x00000000b1e00000, 0x00000000b1f00000, 0x00000000b1f00000|100%| E|CS|TAMS 0x00000000b1e00000| PB 0x00000000b1e00000| Complete 
| 799|0x00000000b1f00000, 0x00000000b2000000, 0x00000000b2000000|100%| E|CS|TAMS 0x00000000b1f00000| PB 0x00000000b1f00000| Complete 
| 800|0x00000000b2000000, 0x00000000b2100000, 0x00000000b2100000|100%| E|CS|TAMS 0x00000000b2000000| PB 0x00000000b2000000| Complete 
| 801|0x00000000b2100000, 0x00000000b2200000, 0x00000000b2200000|100%| E|CS|TAMS 0x00000000b2100000| PB 0x00000000b2100000| Complete 
| 802|0x00000000b2200000, 0x00000000b2300000, 0x00000000b2300000|100%| E|CS|TAMS 0x00000000b2200000| PB 0x00000000b2200000| Complete 
| 803|0x00000000b2300000, 0x00000000b2400000, 0x00000000b2400000|100%| E|CS|TAMS 0x00000000b2300000| PB 0x00000000b2300000| Complete 
| 804|0x00000000b2400000, 0x00000000b2500000, 0x00000000b2500000|100%| E|CS|TAMS 0x00000000b2400000| PB 0x00000000b2400000| Complete 
| 805|0x00000000b2500000, 0x00000000b2600000, 0x00000000b2600000|100%| E|CS|TAMS 0x00000000b2500000| PB 0x00000000b2500000| Complete 
| 806|0x00000000b2600000, 0x00000000b2700000, 0x00000000b2700000|100%| E|CS|TAMS 0x00000000b2600000| PB 0x00000000b2600000| Complete 
| 807|0x00000000b2700000, 0x00000000b2800000, 0x00000000b2800000|100%| E|CS|TAMS 0x00000000b2700000| PB 0x00000000b2700000| Complete 
| 808|0x00000000b2800000, 0x00000000b2900000, 0x00000000b2900000|100%| E|CS|TAMS 0x00000000b2800000| PB 0x00000000b2800000| Complete 
| 809|0x00000000b2900000, 0x00000000b2a00000, 0x00000000b2a00000|100%| E|CS|TAMS 0x00000000b2900000| PB 0x00000000b2900000| Complete 
| 810|0x00000000b2a00000, 0x00000000b2b00000, 0x00000000b2b00000|100%| E|CS|TAMS 0x00000000b2a00000| PB 0x00000000b2a00000| Complete 
| 811|0x00000000b2b00000, 0x00000000b2c00000, 0x00000000b2c00000|100%| E|CS|TAMS 0x00000000b2b00000| PB 0x00000000b2b00000| Complete 
| 812|0x00000000b2c00000, 0x00000000b2d00000, 0x00000000b2d00000|100%| E|CS|TAMS 0x00000000b2c00000| PB 0x00000000b2c00000| Complete 
| 813|0x00000000b2d00000, 0x00000000b2e00000, 0x00000000b2e00000|100%| E|CS|TAMS 0x00000000b2d00000| PB 0x00000000b2d00000| Complete 
| 814|0x00000000b2e00000, 0x00000000b2f00000, 0x00000000b2f00000|100%| E|CS|TAMS 0x00000000b2e00000| PB 0x00000000b2e00000| Complete 
| 815|0x00000000b2f00000, 0x00000000b3000000, 0x00000000b3000000|100%| E|CS|TAMS 0x00000000b2f00000| PB 0x00000000b2f00000| Complete 
| 816|0x00000000b3000000, 0x00000000b3100000, 0x00000000b3100000|100%| E|CS|TAMS 0x00000000b3000000| PB 0x00000000b3000000| Complete 
| 817|0x00000000b3100000, 0x00000000b3200000, 0x00000000b3200000|100%| E|CS|TAMS 0x00000000b3100000| PB 0x00000000b3100000| Complete 
| 818|0x00000000b3200000, 0x00000000b3300000, 0x00000000b3300000|100%| E|CS|TAMS 0x00000000b3200000| PB 0x00000000b3200000| Complete 
| 819|0x00000000b3300000, 0x00000000b3400000, 0x00000000b3400000|100%| E|CS|TAMS 0x00000000b3300000| PB 0x00000000b3300000| Complete 
| 820|0x00000000b3400000, 0x00000000b3500000, 0x00000000b3500000|100%| E|CS|TAMS 0x00000000b3400000| PB 0x00000000b3400000| Complete 
| 821|0x00000000b3500000, 0x00000000b3600000, 0x00000000b3600000|100%| E|CS|TAMS 0x00000000b3500000| PB 0x00000000b3500000| Complete 
| 822|0x00000000b3600000, 0x00000000b3700000, 0x00000000b3700000|100%| E|CS|TAMS 0x00000000b3600000| PB 0x00000000b3600000| Complete 
| 823|0x00000000b3700000, 0x00000000b3800000, 0x00000000b3800000|100%| E|CS|TAMS 0x00000000b3700000| PB 0x00000000b3700000| Complete 
| 824|0x00000000b3800000, 0x00000000b3900000, 0x00000000b3900000|100%| E|CS|TAMS 0x00000000b3800000| PB 0x00000000b3800000| Complete 
| 825|0x00000000b3900000, 0x00000000b3a00000, 0x00000000b3a00000|100%| E|CS|TAMS 0x00000000b3900000| PB 0x00000000b3900000| Complete 
| 826|0x00000000b3a00000, 0x00000000b3b00000, 0x00000000b3b00000|100%| E|CS|TAMS 0x00000000b3a00000| PB 0x00000000b3a00000| Complete 
| 827|0x00000000b3b00000, 0x00000000b3c00000, 0x00000000b3c00000|100%| E|CS|TAMS 0x00000000b3b00000| PB 0x00000000b3b00000| Complete 
| 828|0x00000000b3c00000, 0x00000000b3d00000, 0x00000000b3d00000|100%| E|CS|TAMS 0x00000000b3c00000| PB 0x00000000b3c00000| Complete 
| 829|0x00000000b3d00000, 0x00000000b3e00000, 0x00000000b3e00000|100%| E|CS|TAMS 0x00000000b3d00000| PB 0x00000000b3d00000| Complete 
|2044|0x00000000ffc00000, 0x00000000ffd00000, 0x00000000ffd00000|100%| E|CS|TAMS 0x00000000ffc00000| PB 0x00000000ffc00000| Complete 
|2045|0x00000000ffd00000, 0x00000000ffe00000, 0x00000000ffe00000|100%| E|CS|TAMS 0x00000000ffd00000| PB 0x00000000ffd00000| Complete 
|2046|0x00000000ffe00000, 0x00000000fff00000, 0x00000000fff00000|100%| E|CS|TAMS 0x00000000ffe00000| PB 0x00000000ffe00000| Complete 
|2047|0x00000000fff00000, 0x0000000100000000, 0x0000000100000000|100%| E|CS|TAMS 0x00000000fff00000| PB 0x00000000fff00000| Complete 

Card table byte_map: [0x0000023aae080000,0x0000023aae480000] _byte_map_base: 0x0000023aadc80000

Marking Bits: (CMBitMap*) 0x0000023a9b3033c0
 Bits: [0x0000023aae480000, 0x0000023ab0480000)

Polling page: 0x0000023a992a0000

Metaspace:

Usage:
  Non-class:    113.91 MB used.
      Class:     18.55 MB used.
       Both:    132.45 MB used.

Virtual space:
  Non-class space:      128.00 MB reserved,     115.00 MB ( 90%) committed,  2 nodes.
      Class space:        1.00 GB reserved,      19.69 MB (  2%) committed,  1 nodes.
             Both:        1.12 GB reserved,     134.69 MB ( 12%) committed. 

Chunk freelists:
   Non-Class:  12.13 MB
       Class:  12.19 MB
        Both:  24.32 MB

MaxMetaspaceSize: unlimited
CompressedClassSpaceSize: 1.00 GB
Initial GC threshold: 21.00 MB
Current GC threshold: 205.88 MB
CDS: off
 - commit_granule_bytes: 65536.
 - commit_granule_words: 8192.
 - virtual_space_node_default_size: 8388608.
 - enlarge_chunks_in_place: 1.
 - use_allocation_guard: 0.


Internal statistics:

num_allocs_failed_limit: 12.
num_arena_births: 4270.
num_arena_deaths: 34.
num_vsnodes_births: 3.
num_vsnodes_deaths: 0.
num_space_committed: 2154.
num_space_uncommitted: 0.
num_chunks_returned_to_freelist: 60.
num_chunks_taken_from_freelist: 9899.
num_chunk_merges: 33.
num_chunk_splits: 6581.
num_chunks_enlarged: 4296.
num_inconsistent_stats: 0.

CodeHeap 'non-profiled nmethods': size=119168Kb used=10641Kb max_used=10987Kb free=108526Kb
 bounds [0x0000023aa5f90000, 0x0000023aa6a50000, 0x0000023aad3f0000]
CodeHeap 'profiled nmethods': size=119104Kb used=29292Kb max_used=29946Kb free=89812Kb
 bounds [0x0000023a9e3f0000, 0x0000023aa0130000, 0x0000023aa5840000]
CodeHeap 'non-nmethods': size=7488Kb used=3838Kb max_used=3934Kb free=3649Kb
 bounds [0x0000023aa5840000, 0x0000023aa5c20000, 0x0000023aa5f90000]
 total_blobs=16301 nmethods=15420 adapters=781
 compilation: enabled
              stopped_count=0, restarted_count=0
 full_count=0

Compilation events (20 events):
Event: 16.965 Thread 0x0000023ab39db2b0 nmethod 18541 0x0000023aa00e9390 code [0x0000023aa00e9dc0, 0x0000023aa00f09a0]
Event: 16.965 Thread 0x0000023ab8eff7f0 18545       3       com.android.tools.r8.internal.Km::a (631 bytes)
Event: 16.965 Thread 0x0000023ab39db2b0 18544       3       com.android.tools.r8.internal.pq0::b (577 bytes)
Event: 16.966 Thread 0x0000023ab81dd040 nmethod 18564 0x0000023aa6a49810 code [0x0000023aa6a499a0, 0x0000023aa6a49a48]
Event: 16.966 Thread 0x0000023ab81dd040 18565       4       com.android.tools.r8.graph.J2::a (10 bytes)
Event: 16.967 Thread 0x0000023ab81dd040 nmethod 18565 0x0000023aa6a49b10 code [0x0000023aa6a49ca0, 0x0000023aa6a49de0]
Event: 16.967 Thread 0x0000023ab81dd040 18555       4       com.android.tools.r8.internal.B40$$Lambda/0x00000001012d06a8::applyAsInt (8 bytes)
Event: 16.969 Thread 0x0000023ab81dd040 nmethod 18555 0x0000023aa6a49f90 code [0x0000023aa6a4a120, 0x0000023aa6a4a1f0]
Event: 16.969 Thread 0x0000023ab81dd040 18568       4       com.android.tools.r8.internal.Ve::a (47 bytes)
Event: 16.970 Thread 0x0000023ab81dd040 nmethod 18568 0x0000023aa6a4a310 code [0x0000023aa6a4a4a0, 0x0000023aa6a4a550]
Event: 16.970 Thread 0x0000023ab81dd040 18556       4       com.android.tools.r8.internal.B40$$Lambda/0x00000001012d0000::applyAsInt (8 bytes)
Event: 16.971 Thread 0x0000023ab81dd040 nmethod 18556 0x0000023aa6a4a610 code [0x0000023aa6a4a7a0, 0x0000023aa6a4a8a8]
Event: 16.971 Thread 0x0000023ab81dd040 18567       4       java.util.HashSet::remove (20 bytes)
Event: 16.972 Thread 0x0000023ab39db2b0 nmethod 18544 0x0000023aa00f2e10 code [0x0000023aa00f3680, 0x0000023aa00f8a18]
Event: 16.973 Thread 0x0000023ab39db2b0 18560       3       com.android.tools.r8.internal.Vz::a (128 bytes)
Event: 16.973 Thread 0x0000023ab81dd040 nmethod 18567 0x0000023aa6a4a990 code [0x0000023aa6a4ab40, 0x0000023aa6a4adc8]
Event: 16.974 Thread 0x0000023ab39db2b0 nmethod 18560 0x0000023aa00fa810 code [0x0000023aa00faaa0, 0x0000023aa00fb730]
Event: 16.974 Thread 0x0000023ab3999530 nmethod 18543 0x0000023aa00fbb90 code [0x0000023aa00fc620, 0x0000023aa0103c50]
Event: 16.975 Thread 0x0000023ab8eff7f0 nmethod 18545 0x0000023aa0106290 code [0x0000023aa0106940, 0x0000023aa010aa70]
Event: 16.977 Thread 0x0000023ab3792760 nmethod 18431 0x0000023aa010bf10 code [0x0000023aa010e500, 0x0000023aa0127140]

GC Heap History (20 events):
Event: 14.399 GC heap before
{Heap before GC invocations=46 (full 0):
 garbage-first heap   total 237568K, used 213182K [0x0000000080000000, 0x0000000100000000)
  region size 1024K, 55 young (56320K), 9 survivors (9216K)
 Metaspace       used 118811K, committed 120960K, reserved 1179648K
  class space    used 16147K, committed 17216K, reserved 1048576K
}
Event: 14.406 GC heap after
{Heap after GC invocations=47 (full 0):
 garbage-first heap   total 477184K, used 178978K [0x0000000080000000, 0x0000000100000000)
  region size 1024K, 7 young (7168K), 7 survivors (7168K)
 Metaspace       used 118811K, committed 120960K, reserved 1179648K
  class space    used 16147K, committed 17216K, reserved 1048576K
}
Event: 14.746 GC heap before
{Heap before GC invocations=48 (full 0):
 garbage-first heap   total 477184K, used 400162K [0x0000000080000000, 0x0000000100000000)
  region size 1024K, 224 young (229376K), 7 survivors (7168K)
 Metaspace       used 121224K, committed 123264K, reserved 1179648K
  class space    used 16574K, committed 17600K, reserved 1048576K
}
Event: 14.760 GC heap after
{Heap after GC invocations=49 (full 0):
 garbage-first heap   total 477184K, used 236394K [0x0000000080000000, 0x0000000100000000)
  region size 1024K, 28 young (28672K), 28 survivors (28672K)
 Metaspace       used 121224K, committed 123264K, reserved 1179648K
  class space    used 16574K, committed 17600K, reserved 1048576K
}
Event: 14.910 GC heap before
{Heap before GC invocations=49 (full 0):
 garbage-first heap   total 477184K, used 371562K [0x0000000080000000, 0x0000000100000000)
  region size 1024K, 160 young (163840K), 28 survivors (28672K)
 Metaspace       used 123252K, committed 125376K, reserved 1179648K
  class space    used 16901K, committed 17984K, reserved 1048576K
}
Event: 14.926 GC heap after
{Heap after GC invocations=50 (full 0):
 garbage-first heap   total 477184K, used 270168K [0x0000000080000000, 0x0000000100000000)
  region size 1024K, 20 young (20480K), 20 survivors (20480K)
 Metaspace       used 123252K, committed 125376K, reserved 1179648K
  class space    used 16901K, committed 17984K, reserved 1048576K
}
Event: 15.072 GC heap before
{Heap before GC invocations=50 (full 0):
 garbage-first heap   total 477184K, used 392024K [0x0000000080000000, 0x0000000100000000)
  region size 1024K, 139 young (142336K), 20 survivors (20480K)
 Metaspace       used 123860K, committed 125952K, reserved 1179648K
  class space    used 16978K, committed 18048K, reserved 1048576K
}
Event: 15.096 GC heap after
{Heap after GC invocations=51 (full 0):
 garbage-first heap   total 477184K, used 299008K [0x0000000080000000, 0x0000000100000000)
  region size 1024K, 18 young (18432K), 18 survivors (18432K)
 Metaspace       used 123860K, committed 125952K, reserved 1179648K
  class space    used 16978K, committed 18048K, reserved 1048576K
}
Event: 15.218 GC heap before
{Heap before GC invocations=51 (full 0):
 garbage-first heap   total 477184K, used 408576K [0x0000000080000000, 0x0000000100000000)
  region size 1024K, 126 young (129024K), 18 survivors (18432K)
 Metaspace       used 124428K, committed 126464K, reserved 1179648K
  class space    used 17080K, committed 18112K, reserved 1048576K
}
Event: 15.240 GC heap after
{Heap after GC invocations=52 (full 0):
 garbage-first heap   total 477184K, used 323584K [0x0000000080000000, 0x0000000100000000)
  region size 1024K, 16 young (16384K), 16 survivors (16384K)
 Metaspace       used 124428K, committed 126464K, reserved 1179648K
  class space    used 17080K, committed 18112K, reserved 1048576K
}
Event: 15.376 GC heap before
{Heap before GC invocations=53 (full 0):
 garbage-first heap   total 542720K, used 421888K [0x0000000080000000, 0x0000000100000000)
  region size 1024K, 113 young (115712K), 16 survivors (16384K)
 Metaspace       used 125152K, committed 127232K, reserved 1179648K
  class space    used 17231K, committed 18304K, reserved 1048576K
}
Event: 15.396 GC heap after
{Heap after GC invocations=54 (full 0):
 garbage-first heap   total 542720K, used 345867K [0x0000000080000000, 0x0000000100000000)
  region size 1024K, 15 young (15360K), 15 survivors (15360K)
 Metaspace       used 125152K, committed 127232K, reserved 1179648K
  class space    used 17231K, committed 18304K, reserved 1048576K
}
Event: 15.580 GC heap before
{Heap before GC invocations=54 (full 0):
 garbage-first heap   total 542720K, used 471819K [0x0000000080000000, 0x0000000100000000)
  region size 1024K, 139 young (142336K), 15 survivors (15360K)
 Metaspace       used 126363K, committed 128512K, reserved 1179648K
  class space    used 17410K, committed 18496K, reserved 1048576K
}
Event: 15.609 GC heap after
{Heap after GC invocations=55 (full 0):
 garbage-first heap   total 854016K, used 371026K [0x0000000080000000, 0x0000000100000000)
  region size 1024K, 18 young (18432K), 18 survivors (18432K)
 Metaspace       used 126363K, committed 128512K, reserved 1179648K
  class space    used 17410K, committed 18496K, reserved 1048576K
}
Event: 15.957 GC heap before
{Heap before GC invocations=55 (full 0):
 garbage-first heap   total 854016K, used 662866K [0x0000000080000000, 0x0000000100000000)
  region size 1024K, 304 young (311296K), 18 survivors (18432K)
 Metaspace       used 127583K, committed 129728K, reserved 1179648K
  class space    used 17540K, committed 18624K, reserved 1048576K
}
Event: 16.002 GC heap after
{Heap after GC invocations=56 (full 0):
 garbage-first heap   total 854016K, used 440320K [0x0000000080000000, 0x0000000100000000)
  region size 1024K, 38 young (38912K), 38 survivors (38912K)
 Metaspace       used 127583K, committed 129728K, reserved 1179648K
  class space    used 17540K, committed 18624K, reserved 1048576K
}
Event: 16.269 GC heap before
{Heap before GC invocations=56 (full 0):
 garbage-first heap   total 854016K, used 693248K [0x0000000080000000, 0x0000000100000000)
  region size 1024K, 285 young (291840K), 38 survivors (38912K)
 Metaspace       used 130792K, committed 132928K, reserved 1179648K
  class space    used 18223K, committed 19264K, reserved 1048576K
}
Event: 16.318 GC heap after
{Heap after GC invocations=57 (full 0):
 garbage-first heap   total 854016K, used 497664K [0x0000000080000000, 0x0000000100000000)
  region size 1024K, 36 young (36864K), 36 survivors (36864K)
 Metaspace       used 130792K, committed 132928K, reserved 1179648K
  class space    used 18223K, committed 19264K, reserved 1048576K
}
Event: 16.569 GC heap before
{Heap before GC invocations=57 (full 0):
 garbage-first heap   total 854016K, used 727040K [0x0000000080000000, 0x0000000100000000)
  region size 1024K, 261 young (267264K), 36 survivors (36864K)
 Metaspace       used 133335K, committed 135488K, reserved 1179648K
  class space    used 18634K, committed 19712K, reserved 1048576K
}
Event: 16.607 GC heap after
{Heap after GC invocations=58 (full 0):
 garbage-first heap   total 854016K, used 542720K [0x0000000080000000, 0x0000000100000000)
  region size 1024K, 33 young (33792K), 33 survivors (33792K)
 Metaspace       used 133335K, committed 135488K, reserved 1179648K
  class space    used 18634K, committed 19712K, reserved 1048576K
}

Dll operation events (3 events):
Event: 0.008 Loaded shared library C:\Program Files\Android\Android Studio\jbr\bin\java.dll
Event: 0.012 Loaded shared library C:\Program Files\Android\Android Studio\jbr\bin\zip.dll
Event: 0.360 Loaded shared library C:\Program Files\Android\Android Studio\jbr\bin\verify.dll

Deoptimization events (20 events):
Event: 16.890 Thread 0x0000023ac0c16ee0 Uncommon trap: trap_request=0xffffffc6 fr.pc=0x0000023aa65e2e68 relative=0x0000000000000c28
Event: 16.890 Thread 0x0000023ac0c16ee0 Uncommon trap: reason=bimorphic_or_optimized_type_check action=maybe_recompile pc=0x0000023aa65e2e68 method=java.util.HashMap.removeNode(ILjava/lang/Object;Ljava/lang/Object;ZZ)Ljava/util/HashMap$Node; @ 68 c2
Event: 16.890 Thread 0x0000023ac0c16ee0 DEOPT PACKING pc=0x0000023aa65e2e68 sp=0x000000f8976fa890
Event: 16.890 Thread 0x0000023ac0c16ee0 DEOPT UNPACKING pc=0x0000023aa58946a2 sp=0x000000f8976fa828 mode 2
Event: 16.890 Thread 0x0000023ac0c16ee0 Uncommon trap: trap_request=0xffffffc6 fr.pc=0x0000023aa65e2e68 relative=0x0000000000000c28
Event: 16.890 Thread 0x0000023ac0c16ee0 Uncommon trap: reason=bimorphic_or_optimized_type_check action=maybe_recompile pc=0x0000023aa65e2e68 method=java.util.HashMap.removeNode(ILjava/lang/Object;Ljava/lang/Object;ZZ)Ljava/util/HashMap$Node; @ 68 c2
Event: 16.890 Thread 0x0000023ac0c16ee0 DEOPT PACKING pc=0x0000023aa65e2e68 sp=0x000000f8976fa890
Event: 16.890 Thread 0x0000023ac0c16ee0 DEOPT UNPACKING pc=0x0000023aa58946a2 sp=0x000000f8976fa828 mode 2
Event: 16.890 Thread 0x0000023ac0c16ee0 Uncommon trap: trap_request=0xffffffc6 fr.pc=0x0000023aa65e2e68 relative=0x0000000000000c28
Event: 16.890 Thread 0x0000023ac0c16ee0 Uncommon trap: reason=bimorphic_or_optimized_type_check action=maybe_recompile pc=0x0000023aa65e2e68 method=java.util.HashMap.removeNode(ILjava/lang/Object;Ljava/lang/Object;ZZ)Ljava/util/HashMap$Node; @ 68 c2
Event: 16.890 Thread 0x0000023ac0c16ee0 DEOPT PACKING pc=0x0000023aa65e2e68 sp=0x000000f8976fa890
Event: 16.890 Thread 0x0000023ac0c16ee0 DEOPT UNPACKING pc=0x0000023aa58946a2 sp=0x000000f8976fa828 mode 2
Event: 16.890 Thread 0x0000023ac0c16ee0 Uncommon trap: trap_request=0xffffffc6 fr.pc=0x0000023aa65e2e68 relative=0x0000000000000c28
Event: 16.890 Thread 0x0000023ac0c16ee0 Uncommon trap: reason=bimorphic_or_optimized_type_check action=maybe_recompile pc=0x0000023aa65e2e68 method=java.util.HashMap.removeNode(ILjava/lang/Object;Ljava/lang/Object;ZZ)Ljava/util/HashMap$Node; @ 68 c2
Event: 16.890 Thread 0x0000023ac0c16ee0 DEOPT PACKING pc=0x0000023aa65e2e68 sp=0x000000f8976fa890
Event: 16.890 Thread 0x0000023ac0c16ee0 DEOPT UNPACKING pc=0x0000023aa58946a2 sp=0x000000f8976fa828 mode 2
Event: 16.959 Thread 0x0000023ac0ee3070 Uncommon trap: trap_request=0xffffff6e fr.pc=0x0000023aa6a3a244 relative=0x0000000000001684
Event: 16.959 Thread 0x0000023ac0ee3070 Uncommon trap: reason=loop_limit_check action=maybe_recompile pc=0x0000023aa6a3a244 method=com.android.tools.r8.internal.Oa.a(I)Lcom/android/tools/r8/internal/B40; @ 106 c2
Event: 16.959 Thread 0x0000023ac0ee3070 DEOPT PACKING pc=0x0000023aa6a3a244 sp=0x000000f8970fa930
Event: 16.959 Thread 0x0000023ac0ee3070 DEOPT UNPACKING pc=0x0000023aa58946a2 sp=0x000000f8970fa900 mode 2

Classes loaded (20 events):
Event: 16.536 Loading class java/util/IdentityHashMap$EntrySpliterator
Event: 16.536 Loading class java/util/IdentityHashMap$IdentityHashMapSpliterator
Event: 16.536 Loading class java/util/IdentityHashMap$IdentityHashMapSpliterator done
Event: 16.537 Loading class java/util/IdentityHashMap$EntrySpliterator done
Event: 16.610 Loading class java/util/SortedSet$1
Event: 16.610 Loading class java/util/SortedSet$1 done
Event: 16.622 Loading class java/util/stream/SliceOps
Event: 16.622 Loading class java/util/stream/SliceOps done
Event: 16.622 Loading class java/util/stream/SliceOps$1
Event: 16.623 Loading class java/util/stream/SliceOps$1 done
Event: 16.623 Loading class java/util/stream/SliceOps$1$1
Event: 16.624 Loading class java/util/stream/SliceOps$1$1 done
Event: 16.648 Loading class java/util/PriorityQueue
Event: 16.649 Loading class java/util/PriorityQueue done
Event: 16.669 Loading class java/util/IdentityHashMap$ValueIterator
Event: 16.669 Loading class java/util/IdentityHashMap$ValueIterator done
Event: 16.869 Loading class java/util/AbstractList$SubList
Event: 16.871 Loading class java/util/AbstractList$SubList done
Event: 16.871 Loading class java/util/AbstractList$SubList$1
Event: 16.871 Loading class java/util/AbstractList$SubList$1 done

Classes unloaded (17 events):
Event: 16.978 Thread 0x0000023ab36ce5a0 Unloading class 0x00000001011c9c00 'java/lang/invoke/LambdaForm$DMH+0x00000001011c9c00'
Event: 16.978 Thread 0x0000023ab36ce5a0 Unloading class 0x00000001011c9800 'java/lang/invoke/LambdaForm$DMH+0x00000001011c9800'
Event: 16.978 Thread 0x0000023ab36ce5a0 Unloading class 0x00000001011c9000 'java/lang/invoke/LambdaForm$DMH+0x00000001011c9000'
Event: 16.978 Thread 0x0000023ab36ce5a0 Unloading class 0x00000001011c8c00 'java/lang/invoke/LambdaForm$DMH+0x00000001011c8c00'
Event: 16.978 Thread 0x0000023ab36ce5a0 Unloading class 0x00000001011c8800 'java/lang/invoke/LambdaForm$DMH+0x00000001011c8800'
Event: 16.978 Thread 0x0000023ab36ce5a0 Unloading class 0x00000001011c9400 'java/lang/invoke/LambdaForm$DMH+0x00000001011c9400'
Event: 16.978 Thread 0x0000023ab36ce5a0 Unloading class 0x00000001011c8400 'java/lang/invoke/LambdaForm$DMH+0x00000001011c8400'
Event: 16.978 Thread 0x0000023ab36ce5a0 Unloading class 0x0000000101161400 'java/lang/invoke/LambdaForm$DMH+0x0000000101161400'
Event: 16.978 Thread 0x0000023ab36ce5a0 Unloading class 0x0000000101162000 'java/lang/invoke/LambdaForm$DMH+0x0000000101162000'
Event: 16.978 Thread 0x0000023ab36ce5a0 Unloading class 0x0000000101161800 'java/lang/invoke/LambdaForm$DMH+0x0000000101161800'
Event: 16.978 Thread 0x0000023ab36ce5a0 Unloading class 0x0000000101162800 'java/lang/invoke/LambdaForm$DMH+0x0000000101162800'
Event: 16.978 Thread 0x0000023ab36ce5a0 Unloading class 0x0000000101160000 'java/lang/invoke/LambdaForm$DMH+0x0000000101160000'
Event: 16.978 Thread 0x0000023ab36ce5a0 Unloading class 0x0000000101161c00 'java/lang/invoke/LambdaForm$DMH+0x0000000101161c00'
Event: 16.978 Thread 0x0000023ab36ce5a0 Unloading class 0x0000000101160800 'java/lang/invoke/LambdaForm$DMH+0x0000000101160800'
Event: 16.978 Thread 0x0000023ab36ce5a0 Unloading class 0x0000000101162400 'java/lang/invoke/LambdaForm$DMH+0x0000000101162400'
Event: 16.978 Thread 0x0000023ab36ce5a0 Unloading class 0x0000000101161000 'java/lang/invoke/LambdaForm$DMH+0x0000000101161000'
Event: 16.978 Thread 0x0000023ab36ce5a0 Unloading class 0x0000000101160400 'java/lang/invoke/LambdaForm$DMH+0x0000000101160400'

Classes redefined (0 events):
No events

Internal exceptions (20 events):
Event: 16.067 Thread 0x0000023ac0c16850 Exception <a 'java/lang/NoSuchMethodError'{0x00000000ffdc84b8}: 'java.lang.Object java.lang.invoke.DirectMethodHandle$Holder.invokeStatic(java.lang.Object, int, java.lang.Object, java.lang.Object)'> (0x00000000ffdc84b8) 
thrown [s\src\hotspot\share\interpreter\linkResolver.cpp, line 784]
Event: 16.066 Thread 0x0000023ac0c17570 Exception <a 'java/lang/NoSuchMethodError'{0x00000000af211870}: 'java.lang.Object java.lang.invoke.DirectMethodHandle$Holder.invokeStatic(java.lang.Object, int, java.lang.Object, java.lang.Object)'> (0x00000000af211870) 
thrown [s\src\hotspot\share\interpreter\linkResolver.cpp, line 784]
Event: 16.209 Thread 0x0000023ac0c17c00 Implicit null exception at 0x0000023aa697e253 to 0x0000023aa697e59f
Event: 16.322 Thread 0x0000023ac0ee3070 Exception <a 'java/lang/IncompatibleClassChangeError'{0x00000000ffcc1d20}: Found class java.lang.Object, but interface was expected> (0x00000000ffcc1d20) 
thrown [s\src\hotspot\share\interpreter\linkResolver.cpp, line 851]
Event: 16.322 Thread 0x0000023ac0c19cd0 Exception <a 'java/lang/IncompatibleClassChangeError'{0x00000000ffc79f68}: Found class java.lang.Object, but interface was expected> (0x00000000ffc79f68) 
thrown [s\src\hotspot\share\interpreter\linkResolver.cpp, line 851]
Event: 16.328 Thread 0x0000023ac0c161c0 Exception <a 'java/lang/IncompatibleClassChangeError'{0x00000000ffcac5c8}: Found class java.lang.Object, but interface was expected> (0x00000000ffcac5c8) 
thrown [s\src\hotspot\share\interpreter\linkResolver.cpp, line 851]
Event: 16.466 Thread 0x0000023ac0c133d0 Exception <a 'java/lang/NoSuchMethodError'{0x00000000ab030018}: 'void java.lang.invoke.DirectMethodHandle$Holder.invokeSpecial(java.lang.Object, java.lang.Object, int, java.lang.Object)'> (0x00000000ab030018) 
thrown [s\src\hotspot\share\interpreter\linkResolver.cpp, line 784]
Event: 16.466 Thread 0x0000023ac0ee0280 Exception <a 'java/lang/NoSuchMethodError'{0x00000000ab707e28}: 'void java.lang.invoke.DirectMethodHandle$Holder.invokeSpecial(java.lang.Object, java.lang.Object, int, java.lang.Object)'> (0x00000000ab707e28) 
thrown [s\src\hotspot\share\interpreter\linkResolver.cpp, line 784]
Event: 16.638 Thread 0x0000023ac0c1a360 Exception <a 'java/lang/NoSuchMethodError'{0x00000000b2d106c0}: 'java.lang.Object java.lang.invoke.DirectMethodHandle$Holder.invokeInterface(java.lang.Object, java.lang.Object, int)'> (0x00000000b2d106c0) 
thrown [s\src\hotspot\share\interpreter\linkResolver.cpp, line 784]
Event: 16.683 Thread 0x0000023ac0ee3070 Exception <a 'java/lang/NoSuchMethodError'{0x00000000b3c0fa60}: 'int java.lang.invoke.DirectMethodHandle$Holder.invokeSpecial(java.lang.Object, java.lang.Object, java.lang.Object, int, java.lang.Object)'> (0x00000000b3c0fa60) 
thrown [s\src\hotspot\share\interpreter\linkResolver.cpp, line 784]
Event: 16.683 Thread 0x0000023ac0ee0280 Exception <a 'java/lang/NoSuchMethodError'{0x00000000b1aa73a0}: 'int java.lang.invoke.DirectMethodHandle$Holder.invokeSpecial(java.lang.Object, java.lang.Object, java.lang.Object, int, java.lang.Object)'> (0x00000000b1aa73a0) 
thrown [s\src\hotspot\share\interpreter\linkResolver.cpp, line 784]
Event: 16.683 Thread 0x0000023ac0c15b30 Exception <a 'java/lang/NoSuchMethodError'{0x00000000b21606e8}: 'int java.lang.invoke.DirectMethodHandle$Holder.invokeSpecial(java.lang.Object, java.lang.Object, java.lang.Object, int, java.lang.Object)'> (0x00000000b21606e8) 
thrown [s\src\hotspot\share\interpreter\linkResolver.cpp, line 784]
Event: 16.683 Thread 0x0000023ac0c16ee0 Exception <a 'java/lang/NoSuchMethodError'{0x00000000b3c889e8}: 'int java.lang.invoke.DirectMethodHandle$Holder.invokeSpecial(java.lang.Object, java.lang.Object, java.lang.Object, int, java.lang.Object)'> (0x00000000b3c889e8) 
thrown [s\src\hotspot\share\interpreter\linkResolver.cpp, line 784]
Event: 16.683 Thread 0x0000023ac0c161c0 Exception <a 'java/lang/NoSuchMethodError'{0x00000000b1a0c478}: 'int java.lang.invoke.DirectMethodHandle$Holder.invokeSpecial(java.lang.Object, java.lang.Object, java.lang.Object, int, java.lang.Object)'> (0x00000000b1a0c478) 
thrown [s\src\hotspot\share\interpreter\linkResolver.cpp, line 784]
Event: 16.683 Thread 0x0000023ac0c16850 Exception <a 'java/lang/NoSuchMethodError'{0x00000000ffc292c0}: 'int java.lang.invoke.DirectMethodHandle$Holder.invokeSpecial(java.lang.Object, java.lang.Object, java.lang.Object, int, java.lang.Object)'> (0x00000000ffc292c0) 
thrown [s\src\hotspot\share\interpreter\linkResolver.cpp, line 784]
Event: 16.683 Thread 0x0000023ac0c19cd0 Exception <a 'java/lang/NoSuchMethodError'{0x00000000b1a08128}: 'int java.lang.invoke.DirectMethodHandle$Holder.invokeSpecial(java.lang.Object, java.lang.Object, java.lang.Object, int, java.lang.Object)'> (0x00000000b1a08128) 
thrown [s\src\hotspot\share\interpreter\linkResolver.cpp, line 784]
Event: 16.683 Thread 0x0000023ac0c19640 Exception <a 'java/lang/NoSuchMethodError'{0x00000000b1ec3490}: 'int java.lang.invoke.DirectMethodHandle$Holder.invokeSpecial(java.lang.Object, java.lang.Object, java.lang.Object, int, java.lang.Object)'> (0x00000000b1ec3490) 
thrown [s\src\hotspot\share\interpreter\linkResolver.cpp, line 784]
Event: 16.683 Thread 0x0000023ac0c17570 Exception <a 'java/lang/NoSuchMethodError'{0x00000000b1bba438}: 'int java.lang.invoke.DirectMethodHandle$Holder.invokeSpecial(java.lang.Object, java.lang.Object, java.lang.Object, int, java.lang.Object)'> (0x00000000b1bba438) 
thrown [s\src\hotspot\share\interpreter\linkResolver.cpp, line 784]
Event: 16.684 Thread 0x0000023ac0c133d0 Exception <a 'java/lang/NoSuchMethodError'{0x00000000b1a19e70}: 'int java.lang.invoke.DirectMethodHandle$Holder.invokeSpecial(java.lang.Object, java.lang.Object, java.lang.Object, int, java.lang.Object)'> (0x00000000b1a19e70) 
thrown [s\src\hotspot\share\interpreter\linkResolver.cpp, line 784]
Event: 16.749 Thread 0x0000023ac0c18290 Exception <a 'java/lang/NoSuchMethodError'{0x00000000afa150c0}: 'int java.lang.invoke.DirectMethodHandle$Holder.invokeInterface(java.lang.Object, java.lang.Object, int)'> (0x00000000afa150c0) 
thrown [s\src\hotspot\share\interpreter\linkResolver.cpp, line 784]

ZGC Phase Switch (0 events):
No events

VM Operations (20 events):
Event: 16.742 Executing VM operation: HandshakeAllThreads (Deoptimize) done
Event: 16.751 Executing VM operation: HandshakeAllThreads (Deoptimize)
Event: 16.759 Executing VM operation: HandshakeAllThreads (Deoptimize) done
Event: 16.770 Executing VM operation: HandshakeAllThreads (Deoptimize)
Event: 16.771 Executing VM operation: HandshakeAllThreads (Deoptimize) done
Event: 16.785 Executing VM operation: ICBufferFull
Event: 16.790 Executing VM operation: ICBufferFull done
Event: 16.801 Executing VM operation: HandshakeAllThreads (Deoptimize)
Event: 16.817 Executing VM operation: HandshakeAllThreads (Deoptimize) done
Event: 16.822 Executing VM operation: HandshakeAllThreads (Deoptimize)
Event: 16.834 Executing VM operation: HandshakeAllThreads (Deoptimize) done
Event: 16.856 Executing VM operation: HandshakeAllThreads (Deoptimize)
Event: 16.869 Executing VM operation: HandshakeAllThreads (Deoptimize) done
Event: 16.874 Executing VM operation: ICBufferFull
Event: 16.885 Executing VM operation: ICBufferFull done
Event: 16.898 Executing VM operation: HandshakeAllThreads (Deoptimize)
Event: 16.908 Executing VM operation: HandshakeAllThreads (Deoptimize) done
Event: 16.940 Executing VM operation: ICBufferFull
Event: 16.941 Executing VM operation: ICBufferFull done
Event: 16.976 Executing VM operation: G1PauseRemark

Events (20 events):
Event: 16.992 Thread 0x0000023ab36ce5a0 flushing nmethod 0x0000023aa61f1490
Event: 16.992 Thread 0x0000023ab36ce5a0 flushing nmethod 0x0000023aa638a690
Event: 16.992 Thread 0x0000023ab36ce5a0 flushing nmethod 0x0000023aa61ed810
Event: 16.992 Thread 0x0000023ab36ce5a0 flushing nmethod 0x0000023aa637f710
Event: 16.992 Thread 0x0000023ab36ce5a0 flushing nmethod 0x0000023aa637df10
Event: 16.992 Thread 0x0000023ab36ce5a0 flushing nmethod 0x0000023aa635c990
Event: 16.992 Thread 0x0000023ab36ce5a0 flushing nmethod 0x0000023aa62c4710
Event: 16.992 Thread 0x0000023ab36ce5a0 flushing nmethod 0x0000023aa6245810
Event: 16.992 Thread 0x0000023ab36ce5a0 flushing nmethod 0x0000023aa616a890
Event: 16.992 Thread 0x0000023ab36ce5a0 flushing nmethod 0x0000023aa615c010
Event: 16.992 Thread 0x0000023ab36ce5a0 flushing nmethod 0x0000023aa6136a10
Event: 16.992 Thread 0x0000023ab36ce5a0 flushing nmethod 0x0000023aa6108990
Event: 16.992 Thread 0x0000023ab36ce5a0 flushing nmethod 0x0000023aa6104810
Event: 16.992 Thread 0x0000023ab36ce5a0 flushing nmethod 0x0000023aa600fa10
Event: 16.992 Thread 0x0000023ab36ce5a0 flushing nmethod 0x0000023aa5ffa910
Event: 16.992 Thread 0x0000023ab36ce5a0 flushing nmethod 0x0000023aa5fd7590
Event: 16.992 Thread 0x0000023ab36ce5a0 flushing nmethod 0x0000023aa5fd4b90
Event: 16.992 Thread 0x0000023ab36ce5a0 flushing nmethod 0x0000023aa6049d90
Event: 16.992 Thread 0x0000023ab36ce5a0 flushing nmethod 0x0000023aa6021f10
Event: 16.992 Thread 0x0000023ab36ce5a0 flushing nmethod 0x0000023aa602ce10


Dynamic libraries:
0x00007ff651870000 - 0x00007ff65187a000 	C:\Program Files\Android\Android Studio\jbr\bin\java.exe
0x00007ffa0b390000 - 0x00007ffa0b5a7000 	C:\Windows\SYSTEM32\ntdll.dll
0x00007ffa09080000 - 0x00007ffa09144000 	C:\Windows\System32\KERNEL32.DLL
0x00007ffa08c90000 - 0x00007ffa0904a000 	C:\Windows\System32\KERNELBASE.dll
0x00007ffa088e0000 - 0x00007ffa089f1000 	C:\Windows\System32\ucrtbase.dll
0x00007ff9d6ac0000 - 0x00007ff9d6ad8000 	C:\Program Files\Android\Android Studio\jbr\bin\jli.dll
0x00007ff9dcce0000 - 0x00007ff9dccfb000 	C:\Program Files\Android\Android Studio\jbr\bin\VCRUNTIME140.dll
0x00007ffa0a890000 - 0x00007ffa0aa3e000 	C:\Windows\System32\USER32.dll
0x00007ff9f5040000 - 0x00007ff9f52d2000 	C:\Windows\WinSxS\amd64_microsoft.windows.common-controls_6595b64144ccf1df_6.0.22621.4541_none_2710d1c57384c085\COMCTL32.dll
0x00007ffa09050000 - 0x00007ffa09076000 	C:\Windows\System32\win32u.dll
0x00007ffa0a770000 - 0x00007ffa0a817000 	C:\Windows\System32\msvcrt.dll
0x00007ffa09550000 - 0x00007ffa09579000 	C:\Windows\System32\GDI32.dll
0x00007ffa08650000 - 0x00007ffa0876b000 	C:\Windows\System32\gdi32full.dll
0x00007ffa08ac0000 - 0x00007ffa08b5a000 	C:\Windows\System32\msvcp_win.dll
0x00007ffa0a3d0000 - 0x00007ffa0a401000 	C:\Windows\System32\IMM32.DLL
0x00007ff9f7610000 - 0x00007ff9f761c000 	C:\Program Files\Android\Android Studio\jbr\bin\vcruntime140_1.dll
0x00007ff9cf330000 - 0x00007ff9cf3bd000 	C:\Program Files\Android\Android Studio\jbr\bin\msvcp140.dll
0x00007ff9572b0000 - 0x00007ff957f2d000 	C:\Program Files\Android\Android Studio\jbr\bin\server\jvm.dll
0x00007ffa09490000 - 0x00007ffa09542000 	C:\Windows\System32\ADVAPI32.dll
0x00007ffa099d0000 - 0x00007ffa09a77000 	C:\Windows\System32\sechost.dll
0x00007ffa08b60000 - 0x00007ffa08b88000 	C:\Windows\System32\bcrypt.dll
0x00007ffa09890000 - 0x00007ffa099a4000 	C:\Windows\System32\RPCRT4.dll
0x00007ffa09400000 - 0x00007ffa09471000 	C:\Windows\System32\WS2_32.dll
0x00007ffa08370000 - 0x00007ffa083bd000 	C:\Windows\SYSTEM32\POWRPROF.dll
0x00007ffa03ed0000 - 0x00007ffa03f04000 	C:\Windows\SYSTEM32\WINMM.dll
0x00007ffa01560000 - 0x00007ffa0156a000 	C:\Windows\SYSTEM32\VERSION.dll
0x00007ffa08350000 - 0x00007ffa08363000 	C:\Windows\SYSTEM32\UMPDC.dll
0x00007ffa07690000 - 0x00007ffa076a8000 	C:\Windows\SYSTEM32\kernel.appcore.dll
0x00007ff9f75d0000 - 0x00007ff9f75da000 	C:\Program Files\Android\Android Studio\jbr\bin\jimage.dll
0x00007ffa00a60000 - 0x00007ffa00c92000 	C:\Windows\SYSTEM32\DBGHELP.DLL
0x00007ffa0a030000 - 0x00007ffa0a3c1000 	C:\Windows\System32\combase.dll
0x00007ffa095d0000 - 0x00007ffa096a7000 	C:\Windows\System32\OLEAUT32.dll
0x00007ff9f4e50000 - 0x00007ff9f4e82000 	C:\Windows\SYSTEM32\dbgcore.DLL
0x00007ffa08b90000 - 0x00007ffa08c0b000 	C:\Windows\System32\bcryptPrimitives.dll
0x00007ff9f77e0000 - 0x00007ff9f77ee000 	C:\Program Files\Android\Android Studio\jbr\bin\instrument.dll
0x00007ff9d80d0000 - 0x00007ff9d80ef000 	C:\Program Files\Android\Android Studio\jbr\bin\java.dll
0x00007ff9d6a50000 - 0x00007ff9d6a68000 	C:\Program Files\Android\Android Studio\jbr\bin\zip.dll
0x00007ffa0aa40000 - 0x00007ffa0b2b9000 	C:\Windows\System32\SHELL32.dll
0x00007ffa06550000 - 0x00007ffa06e59000 	C:\Windows\SYSTEM32\windows.storage.dll
0x00007ffa06410000 - 0x00007ffa0654f000 	C:\Windows\SYSTEM32\wintypes.dll
0x00007ffa09a80000 - 0x00007ffa09b7a000 	C:\Windows\System32\SHCORE.dll
0x00007ffa096c0000 - 0x00007ffa0971e000 	C:\Windows\System32\shlwapi.dll
0x00007ffa08580000 - 0x00007ffa085ab000 	C:\Windows\SYSTEM32\profapi.dll
0x00007ff9f7440000 - 0x00007ff9f7450000 	C:\Program Files\Android\Android Studio\jbr\bin\net.dll
0x00007ffa04cd0000 - 0x00007ffa04e06000 	C:\Windows\SYSTEM32\WINHTTP.dll
0x00007ffa07b10000 - 0x00007ffa07b79000 	C:\Windows\system32\mswsock.dll
0x00007ff9d6730000 - 0x00007ff9d6746000 	C:\Program Files\Android\Android Studio\jbr\bin\nio.dll
0x00007ff9df9a0000 - 0x00007ff9df9b0000 	C:\Program Files\Android\Android Studio\jbr\bin\verify.dll
0x00007ff9f7860000 - 0x00007ff9f7887000 	C:\Users\PERSONAL\.gradle\native\c067742578af261105cb4f569cf0c3c89f3d7b1fecec35dd04571415982c5e48\windows-amd64\native-platform.dll
0x00007ff9bf270000 - 0x00007ff9bf3b4000 	C:\Users\PERSONAL\.gradle\native\100fb08df4bc3b14c8652ba06237920a3bd2aa13389f12d3474272988ae205f9\windows-amd64\native-platform-file-events.dll
0x00007ff9f7350000 - 0x00007ff9f7359000 	C:\Program Files\Android\Android Studio\jbr\bin\management.dll
0x00007ff9f7260000 - 0x00007ff9f726b000 	C:\Program Files\Android\Android Studio\jbr\bin\management_ext.dll
0x00007ffa09480000 - 0x00007ffa09488000 	C:\Windows\System32\PSAPI.DLL
0x00007ffa07d70000 - 0x00007ffa07d8b000 	C:\Windows\SYSTEM32\CRYPTSP.dll
0x00007ffa075f0000 - 0x00007ffa07625000 	C:\Windows\system32\rsaenh.dll
0x00007ffa07c00000 - 0x00007ffa07c28000 	C:\Windows\SYSTEM32\USERENV.dll
0x00007ffa07d60000 - 0x00007ffa07d6c000 	C:\Windows\SYSTEM32\CRYPTBASE.dll
0x00007ffa070c0000 - 0x00007ffa070ed000 	C:\Windows\SYSTEM32\IPHLPAPI.DLL
0x00007ffa0a020000 - 0x00007ffa0a029000 	C:\Windows\System32\NSI.dll
0x00007ff9f73a0000 - 0x00007ff9f73a9000 	C:\Program Files\Android\Android Studio\jbr\bin\extnet.dll
0x00007ff992920000 - 0x00007ff992928000 	C:\Windows\system32\wshunix.dll
0x00007ff9e03d0000 - 0x00007ff9e03e7000 	C:\Windows\system32\napinsp.dll
0x00007ff9dd480000 - 0x00007ff9dd49b000 	C:\Windows\system32\pnrpnsp.dll
0x00007ffa070f0000 - 0x00007ffa071f2000 	C:\Windows\SYSTEM32\DNSAPI.dll
0x00007ff9dd460000 - 0x00007ff9dd471000 	C:\Windows\System32\winrnr.dll
0x00007ff9dd3f0000 - 0x00007ff9dd405000 	C:\Windows\system32\wshbth.dll
0x00007ff9dd430000 - 0x00007ff9dd457000 	C:\Windows\system32\nlansp_c.dll
0x00007ffa03a60000 - 0x00007ffa03a6a000 	C:\Windows\System32\rasadhlp.dll
0x00007ffa03dc0000 - 0x00007ffa03e43000 	C:\Windows\System32\fwpuclnt.dll

dbghelp: loaded successfully - version: 4.0.5 - missing functions: none
symbol engine: initialized successfully - sym options: 0x614 - pdb path: .;C:\Program Files\Android\Android Studio\jbr\bin;C:\Windows\SYSTEM32;C:\Windows\WinSxS\amd64_microsoft.windows.common-controls_6595b64144ccf1df_6.0.22621.4541_none_2710d1c57384c085;C:\Program Files\Android\Android Studio\jbr\bin\server;C:\Users\PERSONAL\.gradle\native\c067742578af261105cb4f569cf0c3c89f3d7b1fecec35dd04571415982c5e48\windows-amd64;C:\Users\PERSONAL\.gradle\native\100fb08df4bc3b14c8652ba06237920a3bd2aa13389f12d3474272988ae205f9\windows-amd64

VM Arguments:
jvm_args: --add-opens=java.base/java.util=ALL-UNNAMED --add-opens=java.base/java.lang=ALL-UNNAMED --add-opens=java.base/java.lang.invoke=ALL-UNNAMED --add-opens=java.prefs/java.util.prefs=ALL-UNNAMED --add-exports=jdk.compiler/com.sun.tools.javac.api=ALL-UNNAMED --add-exports=jdk.compiler/com.sun.tools.javac.util=ALL-UNNAMED --add-opens=java.base/java.nio.charset=ALL-UNNAMED --add-opens=java.base/java.net=ALL-UNNAMED --add-opens=java.base/java.util.concurrent.atomic=ALL-UNNAMED -Xmx2048m -Dfile.encoding=UTF-8 -Duser.country=EC -Duser.language=es -Duser.variant -javaagent:C:\Users\PERSONAL\.gradle\wrapper\dists\gradle-8.9-bin\90cnw93cvbtalezasaz0blq0a\gradle-8.9\lib\agents\gradle-instrumentation-agent-8.9.jar 
java_command: org.gradle.launcher.daemon.bootstrap.GradleDaemon 8.9
java_class_path (initial): C:\Users\PERSONAL\.gradle\wrapper\dists\gradle-8.9-bin\90cnw93cvbtalezasaz0blq0a\gradle-8.9\lib\gradle-daemon-main-8.9.jar
Launcher Type: SUN_STANDARD

[Global flags]
     intx CICompilerCount                          = 12                                        {product} {ergonomic}
     uint ConcGCThreads                            = 3                                         {product} {ergonomic}
     uint G1ConcRefinementThreads                  = 13                                        {product} {ergonomic}
   size_t G1HeapRegionSize                         = 1048576                                   {product} {ergonomic}
    uintx GCDrainStackTargetSize                   = 64                                        {product} {ergonomic}
   size_t InitialHeapSize                          = 257949696                                 {product} {ergonomic}
   size_t MarkStackSize                            = 4194304                                   {product} {ergonomic}
   size_t MaxHeapSize                              = 2147483648                                {product} {command line}
   size_t MaxNewSize                               = 1287651328                                {product} {ergonomic}
   size_t MinHeapDeltaBytes                        = 1048576                                   {product} {ergonomic}
   size_t MinHeapSize                              = 8388608                                   {product} {ergonomic}
    uintx NonNMethodCodeHeapSize                   = 7602480                                {pd product} {ergonomic}
    uintx NonProfiledCodeHeapSize                  = 122027880                              {pd product} {ergonomic}
    uintx ProfiledCodeHeapSize                     = 122027880                              {pd product} {ergonomic}
    uintx ReservedCodeCacheSize                    = 251658240                              {pd product} {ergonomic}
     bool SegmentedCodeCache                       = true                                      {product} {ergonomic}
   size_t SoftMaxHeapSize                          = 2147483648                             {manageable} {ergonomic}
     bool UseCompressedOops                        = true                           {product lp64_product} {ergonomic}
     bool UseG1GC                                  = true                                      {product} {ergonomic}
     bool UseLargePagesIndividualAllocation        = false                                  {pd product} {ergonomic}

Logging:
Log output configuration:
 #0: stdout all=warning uptime,level,tags foldmultilines=false
 #1: stderr all=off uptime,level,tags foldmultilines=false

Environment Variables:
JAVA_HOME=C:\Program Files\Java\jdk1.8.0_202
PATH=C:\Program Files (x86)\Common Files\Oracle\Java\javapath;C:\Program Files\Common Files\Oracle\Java\javapath;C:\Program Files (x86)\VMware\VMware Workstation\bin\;C:\Windows\system32;C:\Windows;C:\Windows\System32\Wbem;C:\Windows\System32\WindowsPowerShell\v1.0\;C:\Windows\System32\OpenSSH\;C:\Program Files\nodejs\;C:\Program Files\Microsoft SQL Server\130\Tools\Binn\;C:\Program Files\Microsoft SQL Server\Client SDK\ODBC\170\Tools\Binn\;C:\Program Files (x86)\Microsoft SQL Server\160\DTS\Binn\;C:\Program Files (x86)\Microsoft SQL Server\160\Tools\Binn\;C:\Program Files\Microsoft SQL Server\160\Tools\Binn\;C:\Program Files\Microsoft SQL Server\160\DTS\Binn\;C:\Program Files\PuTTY\;C:\Program Files\Git\cmd;C:\Program Files\dotnet\;C:\Program Files (x86)\IVI Foundation\VISA\WinNT\Bin\;C:\Program Files\IVI Foundation\VISA\Win64\Bin\;C:\Program Files (x86)\IVI Foundation\IVI\Bin\;C:\Program Files\IVI Foundation\IVI\Bin\;C:\Program Files (x86)\IVI Foundation\VISA\WinNT\Bin;D:\workspace\apache-maven-3.9.9\bin;C:\Program Files (x86)\PuTTY\;C:\Program Files\Java\jdk1.8.0_202\bin;C:\Program Files (x86)\Windows Kits\10\Windows Performance Toolkit\;C:\Users\PERSONAL\AppData\Local\Programs\Python\Launcher\;C:\Program Files\MySQL\MySQL Shell 8.0\bin\;C:\Users\PERSONAL\AppData\Local\Microsoft\WindowsApps;C:\Users\PERSONAL\AppData\Local\Programs\Microsoft VS Code\bin;C:\Users\PERSONAL\AppData\Roaming\npm;C:\Users\PERSONAL\AppData\Local\Programs\Python\Python313;C:\Users\PERSONAL\AppData\Local\Programs\Python\Python313\Scripts;C:\sqlite-tools-win-x64-3470000;C:\Program Files\JetBrains\IntelliJ IDEA Community Edition 2024.3\bin;C:\Users\PERSONAL\AppData\Local\JetBrains\Toolbox\scripts;
USERNAME=PERSONAL
OS=Windows_NT
PROCESSOR_IDENTIFIER=AMD64 Family 23 Model 104 Stepping 1, AuthenticAMD
TMP=C:\Users\PERSONAL\AppData\Local\Temp
TEMP=C:\Users\PERSONAL\AppData\Local\Temp




Periodic native trim disabled

JNI global refs:
JNI global refs: 42, weak refs: 21

JNI global refs memory usage: 835, weak refs: 833

Process memory usage:
Resident Set Size: 1312040K (8% of 16097532K total physical memory with 2941960K free physical memory)

OOME stack traces (most recent first):
Classloader memory used:
Loader org.gradle.internal.classloader.VisitableURLClassLoader$InstrumentingVisitableURLClassLoader: 51147K
Loader org.gradle.internal.classloader.VisitableURLClassLoader                         : 41446K
Loader bootstrap                                                                       : 29738K
Loader org.gradle.initialization.MixInLegacyTypesClassLoader                           : 11896K
Loader jdk.internal.loader.ClassLoaders$PlatformClassLoader                            : 569K
Loader jdk.internal.reflect.DelegatingClassLoader                                      : 359K
Loader org.gradle.internal.classloader.VisitableURLClassLoader                         : 243K
Loader jdk.internal.loader.ClassLoaders$AppClassLoader                                 : 230K

Classes loaded by more than one classloader:
Class Program                                                                         : loaded 5 times (x 69B)
Class Build_gradle                                                                    : loaded 3 times (x 127B)
Class Build_gradle$1                                                                  : loaded 3 times (x 71B)
Class org.gradle.internal.classloader.FilteringClassLoader                            : loaded 2 times (x 102B)
Class [Lcom.google.common.base.AbstractIterator$State;                                : loaded 2 times (x 66B)
Class com.google.common.base.CharMatcher$IsEither                                     : loaded 2 times (x 108B)
Class org.gradle.internal.classloader.ClassLoaderHierarchy                            : loaded 2 times (x 67B)
Class com.google.common.collect.ImmutableEnumSet                                      : loaded 2 times (x 143B)
Class com.google.common.util.concurrent.ExecutionError                                : loaded 2 times (x 79B)
Class com.google.common.collect.ImmutableList$1                                       : loaded 2 times (x 94B)
Class org.gradle.api.internal.classpath.ManifestUtil                                  : loaded 2 times (x 68B)
Class com.google.common.io.ByteArrayDataOutput                                        : loaded 2 times (x 67B)
Class com.google.common.collect.RegularImmutableMap                                   : loaded 2 times (x 118B)
Class com.google.common.collect.ImmutableMap$MapViewOfValuesAsSingletonSets           : loaded 2 times (x 122B)
Class [Lorg.objectweb.asm.Symbol;                                                     : loaded 2 times (x 66B)
Class org.objectweb.asm.ClassVisitor                                                  : loaded 2 times (x 85B)
Class com.google.common.collect.UnmodifiableListIterator                              : loaded 2 times (x 92B)
Class org.objectweb.asm.MethodTooLargeException                                       : loaded 2 times (x 80B)
Class [Lcom.google.common.cache.CacheBuilder$OneWeigher;                              : loaded 2 times (x 66B)
Class com.google.common.base.Suppliers                                                : loaded 2 times (x 68B)
Class com.google.common.base.Platform$JdkPatternCompiler                              : loaded 2 times (x 72B)
Class org.gradle.internal.classloader.DefaultClassLoaderFactory                       : loaded 2 times (x 79B)
Class com.google.common.base.CharMatcher$None                                         : loaded 2 times (x 109B)
Class org.gradle.internal.classloader.ClassLoaderVisitor                              : loaded 2 times (x 73B)
Class [Lcom.google.common.collect.ImmutableMapEntry;                                  : loaded 2 times (x 66B)
Class org.gradle.api.internal.classpath.EffectiveClassPath                            : loaded 2 times (x 87B)
Class com.google.common.collect.ImmutableRangeSet                                     : loaded 2 times (x 112B)
Class com.google.common.collect.ImmutableEnumMap                                      : loaded 2 times (x 122B)
Class com.google.common.collect.ListMultimap                                          : loaded 2 times (x 67B)
Class com.google.common.collect.Sets$1                                                : loaded 2 times (x 136B)
Class org.objectweb.asm.AnnotationVisitor                                             : loaded 2 times (x 75B)
Class com.google.common.base.Splitter                                                 : loaded 2 times (x 69B)
Class org.gradle.api.internal.DefaultClassPathProvider                                : loaded 2 times (x 73B)
Class com.google.common.collect.Sets$2                                                : loaded 2 times (x 136B)
Class [Lorg.gradle.api.internal.ClassPathProvider;                                    : loaded 2 times (x 66B)
Class org.gradle.api.internal.ClassPathProvider                                       : loaded 2 times (x 67B)
Class [Lorg.objectweb.asm.AnnotationVisitor;                                          : loaded 2 times (x 66B)
Class com.google.common.collect.Sets$3                                                : loaded 2 times (x 136B)
Class com.google.common.util.concurrent.AbstractFuture$SafeAtomicHelper               : loaded 2 times (x 76B)
Class com.google.common.cache.LocalCache$LocalLoadingCache                            : loaded 2 times (x 131B)
Class com.google.common.base.AbstractIterator$State                                   : loaded 2 times (x 76B)
Class org.gradle.internal.service.UnknownServiceException                             : loaded 2 times (x 80B)
Class com.google.common.io.ByteArrayDataInput                                         : loaded 2 times (x 67B)
Class com.google.common.collect.Sets$4                                                : loaded 2 times (x 136B)
Class org.objectweb.asm.ModuleVisitor                                                 : loaded 2 times (x 78B)
Class com.google.common.cache.LocalCache$Strength$1                                   : loaded 2 times (x 78B)
Class com.google.common.util.concurrent.SettableFuture                                : loaded 2 times (x 111B)
Class com.google.common.cache.LocalCache$Strength$2                                   : loaded 2 times (x 78B)
Class com.google.common.io.ByteStreams                                                : loaded 2 times (x 68B)
Class com.google.common.cache.LocalCache$Strength$3                                   : loaded 2 times (x 78B)
Class com.google.common.collect.MapDifference                                         : loaded 2 times (x 67B)
Class com.google.common.base.Splitter$1                                               : loaded 2 times (x 74B)
Class org.objectweb.asm.FieldWriter                                                   : loaded 2 times (x 75B)
Class com.google.common.cache.CacheBuilder$NullListener                               : loaded 2 times (x 79B)
Class org.gradle.internal.classpath.TransformedClassPath                              : loaded 2 times (x 93B)
Class com.google.common.collect.ImmutableRangeSet$AsSet                               : loaded 2 times (x 296B)
Class com.google.common.cache.CacheLoader$FunctionToCacheLoader                       : loaded 2 times (x 72B)
Class com.google.common.collect.Iterators$ArrayItr                                    : loaded 2 times (x 94B)
Class com.google.common.collect.ImmutableCollection$Builder                           : loaded 2 times (x 73B)
Class com.google.common.base.Joiner                                                   : loaded 2 times (x 76B)
Class com.google.common.base.MoreObjects                                              : loaded 2 times (x 68B)
Class [Lorg.objectweb.asm.Type;                                                       : loaded 2 times (x 66B)
Class com.google.common.collect.Platform                                              : loaded 2 times (x 68B)
Class com.google.common.collect.UnmodifiableIterator                                  : loaded 2 times (x 77B)
Class org.gradle.internal.service.ServiceLocator                                      : loaded 2 times (x 67B)
Class com.google.common.base.Ascii                                                    : loaded 2 times (x 68B)
Class com.google.common.collect.SingletonImmutableBiMap                               : loaded 2 times (x 140B)
Class com.google.common.cache.LocalCache$1                                            : loaded 2 times (x 86B)
Class com.google.common.collect.AbstractMapEntry                                      : loaded 2 times (x 78B)
Class com.google.common.collect.Sets$ImprovedAbstractSet                              : loaded 2 times (x 132B)
Class com.google.common.collect.ImmutableList$Builder                                 : loaded 2 times (x 74B)
Class com.google.common.cache.LocalCache$2                                            : loaded 2 times (x 139B)
Class com.google.common.collect.AbstractMultimap                                      : loaded 2 times (x 120B)
Class com.google.common.collect.ImmutableRangeSet$1                                   : loaded 2 times (x 206B)
Class com.google.common.util.concurrent.AbstractFuture$UnsafeAtomicHelper$1           : loaded 2 times (x 73B)
Class com.google.common.collect.RegularImmutableAsList                                : loaded 2 times (x 213B)
Class com.google.common.collect.Range                                                 : loaded 2 times (x 84B)
Class com.google.common.util.concurrent.AbstractFuture$Trusted                        : loaded 2 times (x 67B)
Class com.google.common.collect.Iterators                                             : loaded 2 times (x 68B)
Class com.google.common.base.CharMatcher$RangesMatcher                                : loaded 2 times (x 109B)
Class com.google.common.util.concurrent.UncheckedExecutionException                   : loaded 2 times (x 79B)
Class com.google.common.collect.Lists$StringAsImmutableList                           : loaded 2 times (x 204B)
Class org.gradle.kotlin.dsl.VersionCatalogAccessorsKt                                 : loaded 2 times (x 68B)
Class com.google.common.collect.ImmutableSortedSetFauxverideShim                      : loaded 2 times (x 144B)
Class com.google.common.base.CharMatcher$JavaLetterOrDigit                            : loaded 2 times (x 108B)
Class org.gradle.internal.InternalTransformer                                         : loaded 2 times (x 67B)
Class com.google.common.collect.AbstractMapBasedMultimap$KeySet$1                     : loaded 2 times (x 79B)
Class org.objectweb.asm.ClassWriter                                                   : loaded 2 times (x 103B)
Class com.google.common.cache.CacheLoader$UnsupportedLoadingOperationException        : loaded 2 times (x 79B)
Class com.google.common.base.CharMatcher$And                                          : loaded 2 times (x 109B)
Class org.gradle.internal.classloader.ClasspathUtil$1                                 : loaded 2 times (x 73B)
Class com.google.common.base.Objects                                                  : loaded 2 times (x 68B)
Class org.objectweb.asm.FieldVisitor                                                  : loaded 2 times (x 74B)
Class com.google.common.collect.IndexedImmutableSet                                   : loaded 2 times (x 147B)
Class com.google.common.collect.ImmutableMap$1                                        : loaded 2 times (x 78B)
Class com.google.common.collect.BiMap                                                 : loaded 2 times (x 67B)
Class org.gradle.api.internal.classpath.DefaultModuleRegistry$DefaultModule           : loaded 2 times (x 83B)
Class com.google.common.primitives.Ints                                               : loaded 2 times (x 68B)
Class com.google.common.collect.AbstractIterator                                      : loaded 2 times (x 79B)
Class com.google.common.math.MathPreconditions                                        : loaded 2 times (x 68B)
Class com.google.common.collect.Multiset                                              : loaded 2 times (x 67B)
Class com.google.common.collect.RegularImmutableMap$KeySet                            : loaded 2 times (x 147B)
Class com.google.common.collect.ObjectArrays                                          : loaded 2 times (x 68B)
Class com.google.common.collect.AbstractIndexedListIterator                           : loaded 2 times (x 93B)
Class com.google.common.collect.ImmutableMapEntrySet                                  : loaded 2 times (x 148B)
Class org.gradle.api.internal.classpath.Module                                        : loaded 2 times (x 67B)
Class com.google.common.cache.Weigher                                                 : loaded 2 times (x 67B)
Class org.gradle.api.internal.classpath.UnknownModuleException                        : loaded 2 times (x 79B)
Class com.google.common.base.Stopwatch                                                : loaded 2 times (x 69B)
Class com.google.common.cache.LocalCache$Strength                                     : loaded 2 times (x 78B)
Class com.google.common.cache.Cache                                                   : loaded 2 times (x 67B)
Class com.google.common.util.concurrent.AbstractFuture$Cancellation                   : loaded 2 times (x 69B)
Class com.google.common.collect.ImmutableMap$Builder                                  : loaded 2 times (x 79B)
Class com.google.common.base.NullnessCasts                                            : loaded 2 times (x 68B)
Class com.google.common.cache.RemovalListener                                         : loaded 2 times (x 67B)
Class org.gradle.api.internal.DefaultClassPathRegistry                                : loaded 2 times (x 73B)
Class com.google.common.primitives.IntsMethodsForWeb                                  : loaded 2 times (x 68B)
Class com.google.common.collect.Multimap                                              : loaded 2 times (x 67B)
Class org.gradle.api.internal.ClassPathRegistry                                       : loaded 2 times (x 67B)
Class org.gradle.internal.classpath.DefaultClassPath$ImmutableUniqueList              : loaded 2 times (x 196B)
Class com.google.common.base.ExtraObjectsMethodsForWeb                                : loaded 2 times (x 68B)
Class com.google.common.base.Equivalence$Identity                                     : loaded 2 times (x 79B)
Class com.google.common.cache.CacheBuilder                                            : loaded 2 times (x 69B)
Class com.google.common.collect.SingletonImmutableList                                : loaded 2 times (x 204B)
Class Settings_gradle$1                                                               : loaded 2 times (x 71B)
Class org.gradle.internal.classpath.ClassPath                                         : loaded 2 times (x 67B)
Class org.gradle.api.UncheckedIOException                                             : loaded 2 times (x 79B)
Class com.google.common.collect.ImmutableList$ReverseImmutableList                    : loaded 2 times (x 205B)
Class com.google.common.base.JdkPattern                                               : loaded 2 times (x 72B)
Class org.objectweb.asm.SymbolTable$Entry                                             : loaded 2 times (x 71B)
Class com.google.common.util.concurrent.AbstractFuture$AtomicHelper                   : loaded 2 times (x 75B)
Class org.objectweb.asm.Edge                                                          : loaded 2 times (x 69B)
Class com.google.common.base.Suppliers$SupplierOfInstance                             : loaded 2 times (x 76B)
Class com.google.common.collect.Iterators$1                                           : loaded 2 times (x 78B)
Class com.google.common.cache.LocalCache$ComputingValueReference                      : loaded 2 times (x 93B)
Class com.google.common.collect.SingletonImmutableSet                                 : loaded 2 times (x 143B)
Class com.google.common.collect.ImmutableMap$IteratorBasedImmutableMap                : loaded 2 times (x 122B)
Class com.google.common.cache.LocalCache$Segment                                      : loaded 2 times (x 151B)
Class com.google.common.collect.SortedIterable                                        : loaded 2 times (x 67B)
Class [Lorg.objectweb.asm.SymbolTable$Entry;                                          : loaded 2 times (x 66B)
Class com.google.common.cache.CacheLoader                                             : loaded 2 times (x 71B)
Class com.google.common.collect.Iterators$4                                           : loaded 2 times (x 79B)
Class com.google.common.collect.ImmutableBiMap                                        : loaded 2 times (x 140B)
Class com.google.common.collect.AbstractListMultimap                                  : loaded 2 times (x 169B)
Class org.gradle.internal.installation.GradleInstallation$1                           : loaded 2 times (x 72B)
Class org.gradle.api.internal.classpath.ModuleRegistry                                : loaded 2 times (x 67B)
Class com.google.common.util.concurrent.internal.InternalFutureFailureAccess          : loaded 2 times (x 69B)
Class com.google.common.collect.Iterators$5                                           : loaded 2 times (x 79B)
Class com.google.common.collect.ImmutableSet$JdkBackedSetBuilderImpl                  : loaded 2 times (x 73B)
Class com.google.common.base.Splitter$SplittingIterator                               : loaded 2 times (x 81B)
Class com.google.common.io.Closer$SuppressingSuppressor                               : loaded 2 times (x 72B)
Class com.google.common.util.concurrent.AbstractFuture$UnsafeAtomicHelper             : loaded 2 times (x 75B)
Class com.google.common.cache.LocalCache$LocalManualCache$1                           : loaded 2 times (x 72B)
Class com.google.common.base.CharMatcher$ForPredicate                                 : loaded 2 times (x 109B)
Class com.google.common.collect.ImmutableCollection                                   : loaded 2 times (x 122B)
Class com.google.common.base.CharMatcher$AnyOf                                        : loaded 2 times (x 109B)
Class org.gradle.api.internal.classpath.DefaultModuleRegistry                         : loaded 2 times (x 80B)
Class com.google.common.util.concurrent.ListenableFuture                              : loaded 2 times (x 67B)
Class com.google.common.cache.ReferenceEntry                                          : loaded 2 times (x 67B)
Class com.google.common.collect.ImmutableSet$CachingAsList                            : loaded 2 times (x 144B)
Class com.google.common.base.Converter                                                : loaded 2 times (x 87B)
Class com.google.common.collect.Lists                                                 : loaded 2 times (x 68B)
Class com.google.common.base.CharMatcher$Any                                          : loaded 2 times (x 109B)
Class com.google.common.util.concurrent.AbstractFuture                                : loaded 2 times (x 103B)
Class com.google.common.base.FunctionalEquivalence                                    : loaded 2 times (x 80B)
Class com.google.common.collect.Iterators$9                                           : loaded 2 times (x 78B)
Class com.google.common.collect.AbstractMapBasedMultimap                              : loaded 2 times (x 136B)
Class com.google.common.collect.ImmutableAsList                                       : loaded 2 times (x 206B)
Class org.objectweb.asm.RecordComponentVisitor                                        : loaded 2 times (x 74B)
Class com.google.common.cache.CacheLoader$SupplierToCacheLoader                       : loaded 2 times (x 72B)
Class com.google.common.collect.Maps$EntryTransformer                                 : loaded 2 times (x 67B)
Class org.gradle.internal.service.ServiceLookupException                              : loaded 2 times (x 79B)
Class com.google.common.collect.ImmutableSortedSet                                    : loaded 2 times (x 296B)
Class [Lcom.google.common.cache.LocalCache$EntryFactory;                              : loaded 2 times (x 66B)
Class com.google.common.base.CharMatcher$JavaLetter                                   : loaded 2 times (x 108B)
Class org.gradle.internal.classloader.ClassLoaderFactory                              : loaded 2 times (x 67B)
Class com.google.common.cache.LocalCache$LocalManualCache                             : loaded 2 times (x 96B)
Class com.google.common.base.CharMatcher$IsNot                                        : loaded 2 times (x 108B)
Class com.google.common.base.CommonPattern                                            : loaded 2 times (x 71B)
Class org.gradle.internal.service.CachingServiceLocator                               : loaded 2 times (x 79B)
Class com.google.common.collect.AbstractMapBasedMultimap$KeySet                       : loaded 2 times (x 134B)
Class com.google.common.collect.RegularImmutableSortedSet                             : loaded 2 times (x 296B)
Class com.google.common.math.IntMath                                                  : loaded 2 times (x 68B)
Class com.google.common.collect.Iterators$10                                          : loaded 2 times (x 78B)
Class com.google.common.collect.ImmutableMapEntry                                     : loaded 2 times (x 82B)
Class com.google.common.base.CharMatcher$JavaDigit                                    : loaded 2 times (x 108B)
Class com.google.common.base.Equivalence                                              : loaded 2 times (x 79B)
Class com.google.common.collect.ImmutableMapEntry$NonTerminalImmutableMapEntry        : loaded 2 times (x 82B)
Class com.google.common.base.Function                                                 : loaded 2 times (x 67B)
Class com.google.common.collect.IndexedImmutableSet$1                                 : loaded 2 times (x 209B)
Class com.google.common.cache.CacheBuilder$OneWeigher                                 : loaded 2 times (x 79B)
Class com.google.common.collect.RegularImmutableList                                  : loaded 2 times (x 209B)
Class com.google.common.collect.ImmutableBiMapFauxverideShim                          : loaded 2 times (x 117B)
Class org.gradle.internal.classloader.ClasspathUtil                                   : loaded 2 times (x 68B)
Class com.google.common.base.Charsets                                                 : loaded 2 times (x 68B)
Class com.google.common.util.concurrent.Uninterruptibles                              : loaded 2 times (x 68B)
Class com.google.common.collect.Maps                                                  : loaded 2 times (x 68B)
Class com.google.common.base.CharMatcher$JavaUpperCase                                : loaded 2 times (x 108B)
Class org.gradle.api.specs.Spec                                                       : loaded 2 times (x 67B)
Class [Lcom.google.common.collect.ImmutableEntry;                                     : loaded 2 times (x 66B)
Class com.google.common.cache.LocalCache$LoadingValueReference                        : loaded 2 times (x 93B)
Class com.google.common.collect.ArrayListMultimapGwtSerializationDependencies         : loaded 2 times (x 169B)
Class com.google.common.base.Platform                                                 : loaded 2 times (x 68B)
Class [Lorg.objectweb.asm.AnnotationWriter;                                           : loaded 2 times (x 66B)
Class com.google.common.primitives.Ints$IntConverter                                  : loaded 2 times (x 87B)
Class com.google.common.collect.Maps$8                                                : loaded 2 times (x 79B)
Class com.google.common.collect.ImmutableRangeSet$Builder                             : loaded 2 times (x 74B)
Class com.google.common.collect.Sets$SetView                                          : loaded 2 times (x 135B)
Class com.google.common.cache.LocalCache$StrongValueReference                         : loaded 2 times (x 87B)
Class com.google.common.util.concurrent.AbstractFuture$SynchronizedHelper             : loaded 2 times (x 75B)
Class com.google.common.base.CharMatcher$Invisible                                    : loaded 2 times (x 109B)
Class org.objectweb.asm.Type                                                          : loaded 2 times (x 69B)
Class org.gradle.internal.classloader.VisitableURLClassLoader$InstrumentingVisitableURLClassLoader: loaded 2 times (x 120B)
Class org.objectweb.asm.ByteVector                                                    : loaded 2 times (x 76B)
Class [Lcom.google.common.cache.CacheBuilder$NullListener;                            : loaded 2 times (x 66B)
Class com.google.common.math.IntMath$1                                                : loaded 2 times (x 68B)
Class org.gradle.internal.classloader.VisitableURLClassLoader$Spec                    : loaded 2 times (x 71B)
Class org.gradle.internal.classpath.DefaultClassPath                                  : loaded 2 times (x 87B)
Class org.objectweb.asm.Symbol                                                        : loaded 2 times (x 70B)
Class com.google.common.base.AbstractIterator                                         : loaded 2 times (x 77B)
Class com.google.common.io.Closer                                                     : loaded 2 times (x 75B)
Class com.google.common.collect.ImmutableSet                                          : loaded 2 times (x 142B)
Class com.google.common.collect.RegularImmutableMap$Values                            : loaded 2 times (x 204B)
Class com.google.common.base.CharMatcher$BitSetMatcher                                : loaded 2 times (x 109B)
Class com.google.common.base.CharMatcher$Ascii                                        : loaded 2 times (x 109B)
Class org.gradle.internal.classloader.ClassLoaderSpec                                 : loaded 2 times (x 68B)
Class org.objectweb.asm.AnnotationWriter                                              : loaded 2 times (x 76B)
Class com.google.common.cache.CacheStats                                              : loaded 2 times (x 68B)
Class com.google.common.io.Closer$Suppressor                                          : loaded 2 times (x 67B)
Class org.objectweb.asm.RecordComponentWriter                                         : loaded 2 times (x 75B)
Class com.google.common.util.concurrent.AbstractFuture$Listener                       : loaded 2 times (x 69B)
Class com.google.common.base.CharMatcher$Or                                           : loaded 2 times (x 109B)
Class Settings_gradle$1$1                                                             : loaded 2 times (x 71B)
Class org.objectweb.asm.Attribute                                                     : loaded 2 times (x 74B)
Class com.google.common.base.Supplier                                                 : loaded 2 times (x 67B)
Class org.gradle.internal.classloader.VisitableURLClassLoader                         : loaded 2 times (x 114B)
Class com.google.common.util.concurrent.AbstractFuture$Waiter                         : loaded 2 times (x 69B)
Class Settings_gradle                                                                 : loaded 2 times (x 125B)
Class org.gradle.internal.Cast                                                        : loaded 2 times (x 68B)
Class org.gradle.api.Action                                                           : loaded 2 times (x 67B)
Class com.google.common.collect.Sets                                                  : loaded 2 times (x 68B)
Class org.objectweb.asm.Handler                                                       : loaded 2 times (x 69B)
Class com.google.common.base.Ticker                                                   : loaded 2 times (x 69B)
Class com.google.common.base.Strings                                                  : loaded 2 times (x 68B)
Class com.google.common.base.CharMatcher$FastMatcher                                  : loaded 2 times (x 108B)
Class org.gradle.internal.agents.InstrumentingClassLoader                             : loaded 2 times (x 67B)
Class [Lcom.google.common.cache.LocalCache$Segment;                                   : loaded 2 times (x 66B)
Class [Lcom.google.common.cache.LocalCache$Strength;                                  : loaded 2 times (x 66B)
Class com.google.common.cache.CacheBuilder$1                                          : loaded 2 times (x 82B)
Class com.google.common.collect.ImmutableMap                                          : loaded 2 times (x 117B)
Class com.google.common.base.Predicate                                                : loaded 2 times (x 67B)
Class org.gradle.internal.classpath.DefaultClassPath$ImmutableUniqueList$Builder      : loaded 2 times (x 72B)
Class com.google.common.collect.AbstractRangeSet                                      : loaded 2 times (x 111B)
Class com.google.common.cache.LocalCache                                              : loaded 2 times (x 184B)
Class com.google.common.cache.CacheBuilder$2                                          : loaded 2 times (x 69B)
Class com.google.common.base.CharMatcher$NegatedFastMatcher                           : loaded 2 times (x 110B)
Class [Lcom.google.common.collect.AbstractMapEntry;                                   : loaded 2 times (x 66B)
Class com.google.common.collect.ImmutableEntry                                        : loaded 2 times (x 79B)
Class com.google.common.collect.ArrayListMultimap                                     : loaded 2 times (x 169B)
Class com.google.common.base.AbstractIterator$1                                       : loaded 2 times (x 68B)
Class com.google.common.base.CharMatcher$Digit                                        : loaded 2 times (x 109B)
Class org.gradle.api.GradleException                                                  : loaded 2 times (x 79B)
Class com.google.common.base.Suppliers$MemoizingSupplier                              : loaded 2 times (x 76B)
Class com.google.common.collect.CollectPreconditions                                  : loaded 2 times (x 68B)
Class com.google.common.base.CharMatcher$JavaIsoControl                               : loaded 2 times (x 109B)
Class com.google.common.collect.SortedMapDifference                                   : loaded 2 times (x 67B)
Class com.google.common.base.CharMatcher$JavaLowerCase                                : loaded 2 times (x 108B)
Class com.google.common.cache.LocalCache$EntryFactory                                 : loaded 2 times (x 80B)
Class com.google.common.cache.LocalCache$AbstractReferenceEntry                       : loaded 2 times (x 104B)
Class com.google.common.base.Splitter$1$1                                             : loaded 2 times (x 83B)
Class com.google.common.base.CharMatcher$Whitespace                                   : loaded 2 times (x 109B)
Class org.gradle.internal.IoActions                                                   : loaded 2 times (x 68B)
Class com.google.common.collect.ImmutableRangeSet$ComplementRanges                    : loaded 2 times (x 204B)
Class org.objectweb.asm.SymbolTable                                                   : loaded 2 times (x 69B)
Class com.google.common.cache.CacheLoader$InvalidCacheLoadException                   : loaded 2 times (x 79B)
Class com.google.common.collect.ImmutableSet$RegularSetBuilderImpl                    : loaded 2 times (x 74B)
Class com.google.common.base.CharMatcher$SingleWidth                                  : loaded 2 times (x 109B)
Class org.gradle.internal.classloader.SystemClassLoaderSpec                           : loaded 2 times (x 68B)
Class com.google.common.cache.LocalCache$StrongEntry                                  : loaded 2 times (x 105B)
Class com.google.common.util.concurrent.AbstractFuture$TrustedFuture                  : loaded 2 times (x 111B)
Class com.google.common.cache.LoadingCache                                            : loaded 2 times (x 67B)
Class com.google.common.io.ByteStreams$LimitedInputStream                             : loaded 2 times (x 89B)
Class com.google.common.base.Suppliers$NonSerializableMemoizingSupplier               : loaded 2 times (x 76B)
Class org.objectweb.asm.MethodWriter                                                  : loaded 2 times (x 103B)
Class [Lcom.google.common.cache.Weigher;                                              : loaded 2 times (x 66B)
Class com.google.common.collect.RegularImmutableMap$BucketOverflowException           : loaded 2 times (x 79B)
Class com.google.common.collect.RegularImmutableBiMap                                 : loaded 2 times (x 145B)
Class com.google.common.cache.LocalCache$ValueReference                               : loaded 2 times (x 67B)
Class com.google.common.base.CharMatcher$Negated                                      : loaded 2 times (x 110B)
Class com.google.common.base.CharMatcher$Is                                           : loaded 2 times (x 108B)
Class com.google.common.util.concurrent.AbstractFuture$Failure                        : loaded 2 times (x 69B)
Class com.google.common.base.Equivalence$Equals                                       : loaded 2 times (x 79B)
Class com.google.common.collect.Hashing                                               : loaded 2 times (x 68B)
Class com.google.common.base.PatternCompiler                                          : loaded 2 times (x 67B)
Class com.google.common.base.Preconditions                                            : loaded 2 times (x 68B)
Class com.google.common.base.Joiner$1                                                 : loaded 2 times (x 77B)
Class org.objectweb.asm.Label                                                         : loaded 2 times (x 70B)
Class org.objectweb.asm.CurrentFrame                                                  : loaded 2 times (x 70B)
Class org.objectweb.asm.ClassTooLargeException                                        : loaded 2 times (x 80B)
Class com.google.common.collect.PeekingIterator                                       : loaded 2 times (x 67B)
Class com.google.common.base.CharMatcher                                              : loaded 2 times (x 108B)
Class com.google.common.collect.Maps$IteratorBasedAbstractMap                         : loaded 2 times (x 122B)
Class com.google.common.collect.RangeGwtSerializationDependencies                     : loaded 2 times (x 68B)
Class com.google.common.base.Joiner$2                                                 : loaded 2 times (x 76B)
Class org.objectweb.asm.Frame                                                         : loaded 2 times (x 70B)
Class org.objectweb.asm.MethodVisitor                                                 : loaded 2 times (x 102B)
Class com.google.common.cache.LocalCache$EntryFactory$1                               : loaded 2 times (x 80B)
Class [Lcom.google.common.cache.RemovalListener;                                      : loaded 2 times (x 66B)
Class com.google.common.base.CharMatcher$1                                            : loaded 2 times (x 110B)
Class com.google.common.base.CharMatcher$NamedFastMatcher                             : loaded 2 times (x 109B)
Class com.google.common.collect.RangeSet                                              : loaded 2 times (x 67B)
Class com.google.common.cache.LocalCache$EntryFactory$2                               : loaded 2 times (x 80B)
Class com.google.common.collect.CollectCollectors                                     : loaded 2 times (x 68B)
Class org.objectweb.asm.ModuleWriter                                                  : loaded 2 times (x 79B)
Class com.google.common.cache.LocalCache$EntryFactory$3                               : loaded 2 times (x 80B)
Class com.google.common.base.Ticker$1                                                 : loaded 2 times (x 69B)
Class com.google.common.collect.ImmutableMapEntrySet$RegularEntrySet                  : loaded 2 times (x 148B)
Class com.google.common.collect.Maps$BiMapConverter                                   : loaded 2 times (x 87B)
Class com.google.common.cache.LocalCache$EntryFactory$4                               : loaded 2 times (x 80B)
Class com.google.common.collect.ImmutableSet$Builder                                  : loaded 2 times (x 82B)
Class com.google.common.base.CharMatcher$InRange                                      : loaded 2 times (x 108B)
Class com.google.common.io.ByteStreams$1                                              : loaded 2 times (x 82B)
Class com.google.common.cache.LocalCache$EntryFactory$5                               : loaded 2 times (x 80B)
Class com.google.common.base.PairwiseEquivalence                                      : loaded 2 times (x 80B)
Class com.google.common.cache.LocalCache$EntryFactory$6                               : loaded 2 times (x 80B)
Class org.gradle.internal.installation.CurrentGradleInstallationLocator               : loaded 2 times (x 68B)
Class com.google.common.collect.Maps$KeySet                                           : loaded 2 times (x 134B)
Class com.google.common.cache.LocalCache$EntryFactory$7                               : loaded 2 times (x 80B)
Class com.google.common.collect.ImmutableSet$EmptySetBuilderImpl                      : loaded 2 times (x 73B)
Class com.google.common.collect.ImmutableList                                         : loaded 2 times (x 203B)
Class org.gradle.internal.service.DefaultServiceLocator                               : loaded 2 times (x 80B)
Class com.google.common.cache.LocalCache$EntryFactory$8                               : loaded 2 times (x 80B)
Class com.google.common.collect.ImmutableSet$SetBuilderImpl                           : loaded 2 times (x 73B)
Class org.gradle.internal.installation.CurrentGradleInstallation                      : loaded 2 times (x 70B)
Class com.google.common.cache.CacheLoader$1                                           : loaded 2 times (x 72B)
Class com.google.common.collect.ForwardingObject                                      : loaded 2 times (x 69B)
Class com.google.common.collect.ImmutableList$SubList                                 : loaded 2 times (x 205B)
Class org.gradle.util.internal.GUtil                                                  : loaded 2 times (x 68B)
Class com.google.common.util.concurrent.AbstractFuture$SetFuture                      : loaded 2 times (x 72B)
Class com.google.common.cache.AbstractCache$StatsCounter                              : loaded 2 times (x 67B)
Class com.google.common.collect.Iterators$MergingIterator                             : loaded 2 times (x 78B)
Class com.google.common.collect.RegularImmutableSet                                   : loaded 2 times (x 145B)
Class org.gradle.internal.installation.GradleInstallation                             : loaded 2 times (x 72B)
Class com.google.common.collect.Iterables                                             : loaded 2 times (x 68B)
Class com.google.common.base.Splitter$Strategy                                        : loaded 2 times (x 67B)

---------------  S Y S T E M  ---------------

OS:
 Windows 11 , 64 bit Build 22621 (10.0.22621.4391)
OS uptime: 0 days 15:55 hours
Hyper-V role detected

CPU: total 16 (initial active 16) (16 cores per cpu, 2 threads per core) family 23 model 104 stepping 1 microcode 0x0, cx8, cmov, fxsr, ht, mmx, 3dnowpref, sse, sse2, sse3, ssse3, sse4a, sse4.1, sse4.2, popcnt, lzcnt, tsc, tscinvbit, avx, avx2, aes, clmul, bmi1, bmi2, adx, sha, fma, vzeroupper, clflush, clflushopt, hv, rdtscp, rdpid, f16c
Processor Information for all 16 processors :
  Max Mhz: 1801, Current Mhz: 1801, Mhz Limit: 1801

Memory: 4k page, system-wide physical 15720M (2874M free)
TotalPageFile size 17768M (AvailPageFile size 237M)
current process WorkingSet (physical memory assigned to process): 1274M, peak: 1281M
current process commit charge ("private bytes"): 1329M, peak: 1636M

vm_info: OpenJDK 64-Bit Server VM (21.0.3+-12282718-b509.11) for windows-amd64 JRE (21.0.3+-12282718-b509.11), built on 2024-08-27T17:34:15Z by "builder" with MS VC++ 16.10 / 16.11 (VS2019)

END.
